9.459338003082820023e-01,8.937673643848610405e-01,8.464356648690289919e-01,8.616602674211909507e-01,8.761363446371309704e-01,8.817540255616259648e-01,8.714583816579389852e-01,8.753989978099809832e-01,8.955055930837170219e-01,6.804767436615619669e-01,6.721270665213849860e-01,1.166749617731209998e+00,1.053372062540949949e+00,1.094393930142790072e+00,5.906386446640780052e-01,5.282529150388539652e-01,2.160905861840960007e+00,1.696412830201089905e+00,1.594571116485479889e+00,1.568917368800869960e+00,1.533325418672569995e+00,1.456935586975649954e+00,1.366079447248379930e+00,1.310062664201310012e+00,1.346522150371940008e+00,1.325242437720780098e+00,1.091743440394649989e+00,9.458055355050170032e-01,9.099312120320020014e-01,8.796367385492900315e-01,8.655633743458359675e-01,8.937712421109379468e-01,9.666543037478659839e-01,1.072810970600909908e+00,1.150964712492900111e+00,1.229477804867630031e+00,1.331408294226279931e+00,1.413835512039159914e+00,1.478473006962220060e+00,1.571507301876609919e+00,1.690250847949120061e+00,1.852561860464059906e+00,2.018679403088849966e+00,2.259995725206730199e+00,2.551202211467729963e+00,2.915839066719760009e+00,3.327714984758829875e+00,2.843036334188009828e+00,1.940908831312210037e+00,1.312538217582899902e+00,7.416950610675230315e-01,6.856677379548620221e-01,5.276851247674889667e-01,8.903421264456830020e-01,5.944388461911379595e-01,8.223002001660359994e-01,8.480618191174219556e-01,7.541087591765680553e-01,7.494586023348279724e-01,5.942010946652229730e-01
9.496989768175060354e-01,9.093975011694499511e-01,8.611945446455889774e-01,8.802557686709819862e-01,8.927621904743260339e-01,8.891971562062870316e-01,8.589351145797909926e-01,8.034591662046519644e-01,1.139078663058789909e+00,7.428463908284670403e-01,1.286544558369550062e+00,1.314230711140180086e+00,1.163664316613409966e+00,1.229792793826389952e+00,8.665895879431040338e-01,8.501552862188039850e-01,1.643643789063049976e+00,1.558101587012870048e+00,1.552230972629409900e+00,1.538925499141440056e+00,1.528457709814430077e+00,1.382258975622530084e+00,1.298806421852719994e+00,1.124443180344959936e+00,9.410810693770399471e-01,8.369921373361589589e-01,8.532516152927750452e-01,8.457028396786310243e-01,9.511393762268169905e-01,1.040444066238439991e+00,1.094310556738139928e+00,1.175164945257650029e+00,1.229708035781720055e+00,1.287913338654909978e+00,1.313697343800299899e+00,1.364786002405099952e+00,1.456659623015500005e+00,1.541986178079779890e+00,1.634061877936600071e+00,1.717386951753449909e+00,1.863780437866439987e+00,2.062657350524430111e+00,2.279508170536019840e+00,2.593826137448980163e+00,2.975112450126240038e+00,3.458403972155330131e+00,3.648848279117709925e+00,2.929085896337829897e+00,1.981052371827560110e+00,1.417261036975210109e+00,8.070547383198709568e-01,8.045554877288190188e-01,4.915873127118319807e-01,7.379953632817419784e-01,4.393950007950909731e-01,6.880000727917939818e-01,8.750152896962279936e-01,8.738614603570350470e-01,9.904096777514039829e-01,8.181099616471190217e-01
9.763272834579349579e-01,9.849644004560149657e-01,8.780368524541010133e-01,8.873193472104879964e-01,9.113236984081339864e-01,8.956565930593689551e-01,8.742424799418120340e-01,8.187279383140669831e-01,7.821201439360040419e-01,9.259075705634279840e-01,1.165129493099690050e+00,1.382177648248400059e+00,1.221494041860579971e+00,1.209435863223530028e+00,9.690927517654499557e-01,8.448211232479490018e-01,1.983791642574820102e+00,1.816435985597459890e+00,1.785441024851490033e+00,1.733609353071779990e+00,1.557226308950200089e+00,1.295387658825899901e+00,1.136326308560120069e+00,1.000644957465290030e+00,9.231242691497499875e-01,8.184178904976030511e-01,9.222170549169480536e-01,9.547741125978379539e-01,1.151475467574289979e+00,1.285629419273669916e+00,1.346434239510359898e+00,1.439486647371519989e+00,1.517195958642659992e+00,1.598982174178140037e+00,1.641086572381400099e+00,1.728561356045900110e+00,1.888978328685579910e+00,2.011020833399149943e+00,2.139968348256640063e+00,2.333393831506980209e+00,2.697021566167100204e+00,3.044982670011370018e+00,3.586397974493969798e+00,3.961099147923130115e+00,4.486340829552699638e+00,4.354849677683019671e+00,3.898825700929439808e+00,2.474914389877989951e+00,1.821980476382659919e+00,1.423270402105669907e+00,1.373015150814320018e+00,1.446245477262990020e+00,1.291966767292290097e+00,1.285506204092109916e+00,1.095649598202180108e+00,8.236246765601390463e-01,6.092749557543309935e-01,4.889677602138929879e-01,3.823327454058920161e-01,3.249864892859359866e-01
9.896579194882859642e-01,9.511510201761940175e-01,8.998217912336450297e-01,9.267056488467989572e-01,9.587189083067380047e-01,9.796684891530169637e-01,1.005703792867769897e+00,1.034914686754550006e+00,1.168798966498769909e+00,1.098787038386090043e+00,5.006449158206529582e-01,8.526895423469249558e-01,9.250293454751059574e-01,1.022673396110109989e+00,8.813304925943690193e-01,8.692119713862389574e-01,1.908987709076060080e+00,1.644494040413629898e+00,1.585030097983709974e+00,1.610608597694749955e+00,1.655754241405350102e+00,1.701143783793799935e+00,1.740212428915379972e+00,1.779758483740150110e+00,1.794452209849590085e+00,1.806028624378889891e+00,1.698852512791739988e+00,1.452308189657570026e+00,1.270189501637400076e+00,1.128790646268650111e+00,1.235601453385599902e+00,1.282577954467609915e+00,1.392071157139779913e+00,1.491896030478139901e+00,1.547606334010350082e+00,1.580767770474390099e+00,1.716928927130799920e+00,1.751316746159929938e+00,1.769696886237990041e+00,1.828973013655629920e+00,1.958135728469339920e+00,2.025180734219230061e+00,2.151187216585869866e+00,2.128276372049779930e+00,2.104543657417590197e+00,1.967362654595409932e+00,1.888657664177920026e+00,1.634528240138410027e+00,1.346022656170960063e+00,1.069567016458240039e+00,9.184300027878099515e-01,9.160081730111999665e-01,7.885368690423799620e-01,7.175299790591469495e-01,6.250262365680420151e-01,6.049832440366700315e-01,5.211925921175869503e-01,4.445964066678109727e-01,3.941654311189859983e-01,3.502425873062349759e-01
9.524815171861670260e-01,9.450591880140459811e-01,8.564980072475839590e-01,8.731748154824030550e-01,8.888366048568729916e-01,8.947450024326879525e-01,8.794375375806060546e-01,8.662141831744929465e-01,9.331391145450159685e-01,5.141490368934760191e-01,8.406802853891299776e-01,1.298221514615929939e+00,1.061899226998620049e+00,1.242974106465490003e+00,7.602661693986489944e-01,1.038851046816479995e+00,1.826156732157669937e+00,1.611702011741269924e+00,1.525329636798250066e+00,1.517089846162609890e+00,1.522358707177980053e+00,1.517079476414560091e+00,1.555111560155369999e+00,1.546073596672969952e+00,1.507557390383609919e+00,1.510812173346669951e+00,1.335256551496730060e+00,1.139030143094889924e+00,1.061968246087630074e+00,1.040107336916880065e+00,1.068063607783509950e+00,1.163680716987270047e+00,1.233877049048409891e+00,1.267489916013299966e+00,1.288340845557220060e+00,1.332620360978389984e+00,1.412257659380669939e+00,1.478399176989219965e+00,1.548806322551540049e+00,1.644679184381580006e+00,1.740278070863330084e+00,1.890244002583530092e+00,2.062494955164240196e+00,2.222323954926369804e+00,2.459720552453839915e+00,2.731656670478240123e+00,3.107961414534460065e+00,2.887275056276390028e+00,2.207603117986390195e+00,1.696389702566549973e+00,9.899108936991030117e-01,9.582092116194009801e-01,6.039252225852750344e-01,9.077145567243779523e-01,4.933938428899670159e-01,6.854111426801290374e-01,8.993568718265769757e-01,1.010763380910959963e+00,1.187842691909299919e+00,1.235189790545540012e+00
9.922778892441900256e-01,8.761035919259330118e-01,9.080860663839009916e-01,9.228095192188040530e-01,9.430042682415310518e-01,9.617986834945699837e-01,9.546205609760529676e-01,9.619358457533799811e-01,1.033412705031250045e+00,6.939775766536879775e-01,6.721006073706230488e-01,1.184142462863480016e+00,1.072536720271920041e+00,1.167503830902959949e+00,7.497890411324039661e-01,5.526961477580679682e-01,2.156296660141320043e+00,1.704987415572740028e+00,1.608321921013720068e+00,1.579405409073820099e+00,1.602885897921489944e+00,1.554755452786539927e+00,1.503057147402359961e+00,1.339227513488820076e+00,1.361790656057100035e+00,1.094156480118720021e+00,9.892657244410999473e-01,9.182710391719109966e-01,9.345722278375769854e-01,9.543224103819619719e-01,1.008765588206810060e+00,1.142902300341779975e+00,1.280533018283209978e+00,1.413992845162159950e+00,1.463157425623770047e+00,1.488212677089590041e+00,1.550373536325289958e+00,1.591938504055800063e+00,1.654514451437989919e+00,1.728342059777999928e+00,1.863201351088650037e+00,2.004184795736160041e+00,2.165171860340890042e+00,2.340652273552069840e+00,2.594343388705360187e+00,2.901140882780040009e+00,3.114797997018230014e+00,2.790322210098480138e+00,2.146329491873640194e+00,1.698279794268600096e+00,1.014542073251750054e+00,1.020252340428829951e+00,6.025797987939539579e-01,9.489995953804629680e-01,4.833220443144939926e-01,6.530545025237419754e-01,8.723415627896450308e-01,9.292008713998860525e-01,1.162472731260770109e+00,1.093188922254459960e+00
1.131829903714850039e+00,1.013671717275260065e+00,1.026270943321540008e+00,1.052007032113480012e+00,1.078204891970730106e+00,1.102708023593619968e+00,1.106549538686669942e+00,1.155119630423460109e+00,1.354782146971829970e+00,5.460026611394670493e-01,7.150517737184279854e-01,1.263443165837019988e+00,1.172651916354680024e+00,1.207172443756360014e+00,7.120577684837330334e-01,5.428009882818000120e-01,2.207718043422000065e+00,1.812327991288630091e+00,1.715914810425489989e+00,1.703617784727130102e+00,1.738769156069909894e+00,1.783468857985510025e+00,1.808107482643279917e+00,1.768081684611269910e+00,1.666971840560909968e+00,1.500914531340509894e+00,1.301867723706580104e+00,1.156383160764379969e+00,1.069240592876260054e+00,1.003491907445930087e+00,9.588005595685620275e-01,9.683740901741340057e-01,9.904541945055550523e-01,1.021213210850340003e+00,1.060591489634459927e+00,1.178810088157459912e+00,1.374161047894099985e+00,1.551523889846069926e+00,1.671157177522329951e+00,1.756471761742349980e+00,1.852464430158379916e+00,1.969907827643049947e+00,2.046858367678059842e+00,2.168141186367650075e+00,2.381338425358889843e+00,2.657152842521369962e+00,3.056866227742850217e+00,3.159046436053730034e+00,2.844775633638370049e+00,2.344465682418429786e+00,1.343193547360320039e+00,1.246226121600110037e+00,7.513094008744619634e-01,1.086423290608989900e+00,6.131846464052700396e-01,8.615671431714260198e-01,1.101314291925610034e+00,1.124897217668000104e+00,1.350776802086379957e+00,1.227829217375489890e+00
9.908402956357550417e-01,8.715962964288099801e-01,8.944354781785409658e-01,9.250357757711800133e-01,9.446287698523589960e-01,9.424611520876899906e-01,9.261247612967069553e-01,9.510277929492180204e-01,1.067449126135679993e+00,6.493096846839380154e-01,9.411636002477400398e-01,1.327038920475839934e+00,1.151879752166959925e+00,1.314097743997759915e+00,7.773497897373580212e-01,8.672640325233960112e-01,1.752883750226410076e+00,1.647434597628339992e+00,1.600438785201260039e+00,1.479250602549410099e+00,1.213945563406239936e+00,1.196265039120010032e+00,1.134339582889970055e+00,1.112170723608639999e+00,1.083590544272639900e+00,1.100290142731449983e+00,1.058705879204099976e+00,1.117818070537379915e+00,1.130378995560070043e+00,1.127348828684940019e+00,1.158418425143610042e+00,1.226843152088169964e+00,1.264104769161459974e+00,1.305997021372820033e+00,1.318189708049190001e+00,1.363806323162070067e+00,1.448670820519680102e+00,1.526321632420230001e+00,1.614705030726679924e+00,1.737958593216740066e+00,1.889178159994890027e+00,2.077774020928860210e+00,2.319682414107420154e+00,2.615589524874259997e+00,3.038531930985040042e+00,3.679229137233469782e+00,4.077596677848849716e+00,2.865966801908269801e+00,1.709263017905880089e+00,1.220132715444369964e+00,6.464532777070459701e-01,6.036219938743330182e-01,4.181594582388409864e-01,6.363187465736539483e-01,4.236964949170670125e-01,6.579094233016650195e-01,8.026178381125019801e-01,8.393548551307330463e-01,1.013749451592719897e+00,8.278936906329229517e-01
1.118826634629999983e+00,1.037827234433100099e+00,1.008983442597670033e+00,1.030273482232539894e+00,1.051891151289050086e+00,1.067761112808260027e+00,1.054144343723379951e+00,1.068105332779919925e+00,1.178737957021970040e+00,6.569330664434209766e-01,8.905301760309209946e-01,1.443366568158259922e+00,1.303941293070220109e+00,1.350363436965440034e+00,8.557237873427869790e-01,7.916998351606320261e-01,2.149523287377829828e+00,1.843903015808149970e+00,1.776825953627269916e+00,1.782453273493949997e+00,1.766019952499880086e+00,1.688427417583949985e+00,1.783420306187720072e+00,1.707291718506080080e+00,1.579522905519209930e+00,1.410904298716330052e+00,1.213601364301899910e+00,1.041720830808489984e+00,1.005543563978440025e+00,1.037942091932970046e+00,1.107086747754159939e+00,1.236045018881229973e+00,1.349193713493600066e+00,1.475023175664639918e+00,1.456087460922729893e+00,1.507866749274759943e+00,1.605672510077390092e+00,1.688240081424150052e+00,1.761803425054329963e+00,1.834927343328990101e+00,1.995493019065009976e+00,2.176829614997000117e+00,2.371836860359960220e+00,2.605194918110230073e+00,2.875483361662459991e+00,3.129740710530899861e+00,3.371118860052789934e+00,2.817961131751649972e+00,1.991998539888069963e+00,1.457552151357359937e+00,8.480339638525280499e-01,8.062547798465200533e-01,5.049061394654410506e-01,9.807218092400930010e-01,5.498541882649969903e-01,8.022709607141089716e-01,9.986302937623839915e-01,1.010360762592660056e+00,1.156534222014530044e+00,9.112793258948750363e-01
1.083776010530580036e+00,1.047310700937579941e+00,9.756572497826330181e-01,9.954095443755099915e-01,1.016364030666419893e+00,1.016083413103920030e+00,9.988136519484419606e-01,9.483344571494549680e-01,9.890801614317760171e-01,1.204136086896189894e+00,1.148795902943950065e+00,1.373513713749209941e+00,1.260930615948260058e+00,1.196955947646249907e+00,8.509275460428490367e-01,9.465330149435899898e-01,1.899119576890730077e+00,1.533584149380299966e+00,1.759423708198599945e+00,1.698581767374429896e+00,1.547966097564470012e+00,1.363501658408359907e+00,1.182242014864580026e+00,1.060701487659029940e+00,1.019635036590500032e+00,1.075730845830030091e+00,1.081430064550300107e+00,1.106510224654120078e+00,1.206693973783099949e+00,1.242810343928600014e+00,1.274057231843910065e+00,1.325614474481789928e+00,1.377775106760289914e+00,1.428873139345409937e+00,1.449780527731270086e+00,1.549000506971720093e+00,1.636489920439269996e+00,1.742481741552730057e+00,1.859151620238179925e+00,2.036470829285760065e+00,2.114918860155820202e+00,2.388448012146719979e+00,2.616936372756439866e+00,2.840599209062439900e+00,3.135660393586789940e+00,3.282090210160249821e+00,3.271853212145920065e+00,2.714218852126319970e+00,1.927962894469730015e+00,1.323966043936940062e+00,7.745736871493620335e-01,6.862278999500579513e-01,5.689342279233959854e-01,8.272533688767249593e-01,6.356829526380419759e-01,9.299208764846530473e-01,1.150584538985309990e+00,1.122804824803149915e+00,1.285205446856269917e+00,9.735446082483000252e-01
1.011952711172040109e+00,9.013131941189309604e-01,9.244264187297750457e-01,9.511599477006109638e-01,9.777576065054109922e-01,9.978059007431270278e-01,1.007808975587769940e+00,1.031764447164549958e+00,1.104911972903660056e+00,6.898603025889119555e-01,1.095851210509209972e+00,1.381388226572030087e+00,1.270860851179600015e+00,1.327490025479860059e+00,8.538452715719859754e-01,8.885545561514309743e-01,2.027583776482670075e+00,1.889413992381689944e+00,1.868804454083689892e+00,1.800158226562990071e+00,1.618286069896790025e+00,1.360942400075489944e+00,1.271971399899779920e+00,1.298669971382230059e+00,1.288390701017289919e+00,1.263202300544739920e+00,1.234649604461709904e+00,1.185917513688540037e+00,1.254065986824649981e+00,1.343077955700600068e+00,1.392288252031179896e+00,1.486510099768489912e+00,1.590275317966610036e+00,1.697284019754629947e+00,1.760803139296950093e+00,1.879396300794369923e+00,2.019616807637929945e+00,2.137144669836899880e+00,2.187488408743679891e+00,2.192027062444489971e+00,2.095424185891490154e+00,2.044666695721510052e+00,1.896498201413240103e+00,1.820204846996950065e+00,1.734844387466329962e+00,1.618337957300189922e+00,1.492140182813600058e+00,1.252809014274359978e+00,9.819641214635570492e-01,9.018350949754080359e-01,6.219630590102089851e-01,6.779008100039409790e-01,5.411356086645849883e-01,7.204612242046339876e-01,5.174629868518340059e-01,5.437209412033959799e-01,6.022723583824339810e-01,6.642253622270239966e-01,8.014316738932349971e-01,7.295854583355869671e-01
1.065104362720100006e+00,9.969980231887209943e-01,9.536144223223810279e-01,9.815750466071719860e-01,1.010324270593820017e+00,1.030305997087489933e+00,1.033641231754240053e+00,1.051037422385769915e+00,1.110456765329209894e+00,7.573872453571069974e-01,9.079661015681049774e-01,1.303189086462100077e+00,1.232290230309230017e+00,1.152025529021780015e+00,7.690573021683839716e-01,6.622802233014849493e-01,2.104688760649970014e+00,1.872921112384910103e+00,1.806200042618870016e+00,1.685010329042879951e+00,1.416495649078840069e+00,1.146119387567910097e+00,1.250805670810630099e+00,1.049700462013779978e+00,1.124225113999840042e+00,1.246582878991709942e+00,1.183140035473539964e+00,1.169576308327699987e+00,1.187261144852920003e+00,1.198870961083180031e+00,1.233378107491259978e+00,1.340222370844639910e+00,1.431625209812130040e+00,1.509490937821180045e+00,1.560780472888469994e+00,1.615701149198139897e+00,1.749189121379189915e+00,1.865013216301379950e+00,1.970891681734449952e+00,2.142275655795020217e+00,2.405021154600239797e+00,2.694361177755649983e+00,3.011464527083150156e+00,3.285609746347819993e+00,3.653625460566760186e+00,3.789117713065000004e+00,3.382807399740130005e+00,2.280290606658009978e+00,1.487224351301970060e+00,1.061536522283150097e+00,7.879263132008740289e-01,7.947454343957760514e-01,7.694285721618859819e-01,9.835895232242950481e-01,7.088003506309390467e-01,7.322079247818239489e-01,6.453130385355120291e-01,5.774061987181270394e-01,5.391712227375380362e-01,4.519811978124180230e-01
9.782222665900499603e-01,1.020881901528700064e+00,8.817469498485069890e-01,8.941464434753779722e-01,9.035295405196770435e-01,9.108412131358739616e-01,8.882337720426840555e-01,8.471502147944129923e-01,7.675441825889359748e-01,9.579790326035440007e-01,1.268181739544189890e+00,1.288301465549970048e+00,1.198555737377009933e+00,1.285970974121910082e+00,7.643772699549009619e-01,5.587237019479219802e-01,1.651004720254519942e+00,1.911472914002160017e+00,1.620364907744340055e+00,1.633161396157519984e+00,1.611125532151550077e+00,1.526278146155340076e+00,1.386548056600430012e+00,1.256258193380280108e+00,1.111015538051280060e+00,1.015772400156730093e+00,1.009043363193790066e+00,9.947532400480050274e-01,1.052526428805319991e+00,1.109452666529699982e+00,1.114141286889589910e+00,1.310139060288169954e+00,1.378749031592410024e+00,1.381531996460269918e+00,1.348081151716250092e+00,1.349525217590360038e+00,1.392664076015029950e+00,1.436858703454420016e+00,1.492970547210370036e+00,1.562777490690850035e+00,1.649827385381970046e+00,1.777918380391720010e+00,1.940570035685859951e+00,2.048051388318799848e+00,2.219954606751629811e+00,2.418362619012079939e+00,2.627581701946100079e+00,2.527836106246589942e+00,2.196198963279190064e+00,1.799394613045800062e+00,1.127696339363309930e+00,1.113803939897449968e+00,7.265014014959989552e-01,1.028089677064550012e+00,5.932559254207839805e-01,7.652284132815200257e-01,1.004545006534250051e+00,1.105865645542380094e+00,1.187032871174910076e+00,1.169245815864540017e+00
1.061341459457249892e+00,1.142103909895020086e+00,9.519155837236400464e-01,9.881220545523869969e-01,1.010396177538599893e+00,1.034255063341489977e+00,1.040860734550959954e+00,1.060120959859720102e+00,1.114194907755299946e+00,1.417343524132500088e+00,5.514168333690560031e-01,9.597210996011199535e-01,1.138398624077820109e+00,9.114568433113280355e-01,9.212310760598829695e-01,6.188301779985030393e-01,1.371408882795640105e+00,2.038644527269770190e+00,1.798226144396489978e+00,1.721783391086459947e+00,1.705675274960190002e+00,1.784367910176279937e+00,1.807607845367019905e+00,1.846007695170470031e+00,1.834314549314929987e+00,1.803277327636590099e+00,1.640013030586630061e+00,1.456388115390709892e+00,1.338884797669140037e+00,1.204504197033799962e+00,1.092022021928660047e+00,1.042697649795949921e+00,1.040263990929990001e+00,1.083240734832570107e+00,1.126926775044569951e+00,1.205471732626490100e+00,1.289944587376949947e+00,1.369055410496929914e+00,1.402257454932219982e+00,1.449860541866220043e+00,1.564207585993220073e+00,1.639537632783389931e+00,1.786269932428069973e+00,1.871347975225259974e+00,1.986847777540869942e+00,2.197464477276839911e+00,2.481621948610389872e+00,2.565463972642699986e+00,2.360545745998030132e+00,1.993249376564669939e+00,1.239237609166689902e+00,1.238407346230520067e+00,8.075601717019990078e-01,1.135789907932510001e+00,6.066943403775499899e-01,7.145033251862450419e-01,8.986520376752370476e-01,9.809512265442910106e-01,1.062476060498990016e+00,1.109476850056950070e+00
9.525822620590489453e-01,1.010077334684190031e+00,8.547800020803859589e-01,8.745020493418910190e-01,9.179108905895909665e-01,9.186061044136749620e-01,9.333599839652569896e-01,9.626184666188749572e-01,9.935147865067049944e-01,1.449099617608679891e+00,4.378845800156109802e-01,9.378320036533630555e-01,9.527265599772339888e-01,8.542773863337820295e-01,6.876117905887380033e-01,5.672865357344819559e-01,2.073865507605419989e+00,1.743762507325439914e+00,1.565654073555549974e+00,1.551871305534370027e+00,1.604460010239330048e+00,1.567938166404430067e+00,1.606253069980490000e+00,1.662727343327530027e+00,1.702366940355269920e+00,1.536466664183939956e+00,1.676561142957629924e+00,1.640566509846240084e+00,1.550810537153819890e+00,1.343032656657960011e+00,1.157727530735570109e+00,1.032663617840750003e+00,1.006672588549879954e+00,1.010953480781140001e+00,9.554606097141199461e-01,1.066660470106920000e+00,1.095392087999369934e+00,1.174254265040439948e+00,1.237187336263319892e+00,1.268728937439939974e+00,1.388384042654970063e+00,1.450679229954809912e+00,1.555760721053849993e+00,1.636363720694379964e+00,1.744055295018489993e+00,1.907069737535630027e+00,2.135446153310919915e+00,2.272395719805579972e+00,2.248140523078140163e+00,2.058713176775820219e+00,1.354707449760889970e+00,1.288497797611970030e+00,9.761758195822189954e-01,1.270310520339980043e+00,6.883052035265659896e-01,9.179891165756729476e-01,1.176356815885589935e+00,1.222826934436660018e+00,1.411119576344749937e+00,1.225456474318729949e+00
1.199905263469730032e+00,1.135591800616380098e+00,1.072514461748069969e+00,1.101066072345590063e+00,1.127524358285979966e+00,1.149523284056370054e+00,1.133167019389029972e+00,1.122094626851809940e+00,1.089036068412400082e+00,1.797564718627550073e+00,1.240537979151659975e+00,1.453019836023230038e+00,1.340460787526490005e+00,1.372725356565740018e+00,1.115449598200979997e+00,1.155769095134520086e+00,1.993495182825250067e+00,1.936085714240360023e+00,1.924893686439850038e+00,1.921475272776099974e+00,1.808988083775519895e+00,1.429814385851589931e+00,1.391508660888550075e+00,1.400994307745830003e+00,1.377935018503499975e+00,1.339060182322650006e+00,1.301841780976519924e+00,1.238242064282339960e+00,1.319698317669629972e+00,1.346890086179749924e+00,1.402302034598239988e+00,1.471560503116049912e+00,1.526370561932040015e+00,1.578488701205770006e+00,1.616645953641919986e+00,1.672940958013670043e+00,1.809996989792370004e+00,1.912172898861880022e+00,2.037921922073079983e+00,2.191523322416629949e+00,2.389000036863289989e+00,2.602971358434820193e+00,2.914853268227469929e+00,3.320881151515009844e+00,3.969167439970699984e+00,4.677009834652939624e+00,5.266645880990609818e+00,3.807338401765270053e+00,2.304960523212849832e+00,1.533322586187880088e+00,8.734982311401200405e-01,8.563381141028739707e-01,8.097136125048119970e-01,1.136348484811400050e+00,9.056130849408560168e-01,1.076080984683009945e+00,1.187962965537580073e+00,1.188003285113240048e+00,1.265348360562950081e+00,9.953249702653099718e-01
1.069251184762640028e+00,1.127333832523470081e+00,9.596908711009639603e-01,9.740497426911840506e-01,9.972351392135669901e-01,1.010190314446709925e+00,9.857382545263340123e-01,9.620490449538919853e-01,9.177602396058850420e-01,1.332642727100040059e+00,1.024305363636569988e+00,1.355029475216789958e+00,1.235778888869379921e+00,1.125083271225590043e+00,7.648391683569769617e-01,6.602781743281309623e-01,2.234148063338989854e+00,1.861054254800649899e+00,1.725169600056319918e+00,1.710883382075190084e+00,1.751589241398199936e+00,1.777780624076950033e+00,1.786656751347829974e+00,1.733990780241859930e+00,1.735252691184600016e+00,1.739212243585690043e+00,1.528476375090839889e+00,1.234498632051340028e+00,1.083236748859290000e+00,9.689653223415379824e-01,8.928082168339459557e-01,9.008883929740250096e-01,9.368111932346490089e-01,1.026332470737679969e+00,1.158175758247969922e+00,1.317755516954939976e+00,1.461589895613929935e+00,1.549326178977989965e+00,1.612322114865049949e+00,1.676442398817040047e+00,1.763743408696730075e+00,1.898784555673449947e+00,2.034391801471949979e+00,2.177625313202320001e+00,2.464316130167860219e+00,2.574229461321300150e+00,3.046901755351029806e+00,3.217106497158949807e+00,2.962993159048989966e+00,2.441011194381220051e+00,1.439680421555249890e+00,1.381508555020209972e+00,6.954568011547960227e-01,1.218153482883310046e+00,5.423876805885009533e-01,7.239056622671969921e-01,1.019215411719760045e+00,1.056640193666730010e+00,1.179459622437579958e+00,1.138950559246600047e+00
9.698108179996950406e-01,9.393945433674000256e-01,8.767972854997649890e-01,8.988602870892490326e-01,9.222124497721889691e-01,9.409467155386069814e-01,9.566403774090419532e-01,9.993779607205820481e-01,1.272512333073650082e+00,3.163023637685479783e-01,5.137658990805360482e-01,1.098828986767190097e+00,1.044757998356909967e+00,1.178974030106189952e+00,8.273670471228460332e-01,7.654591092644980055e-01,1.894762796466189947e+00,1.637292221553920069e+00,1.559191329937950066e+00,1.553185669668410096e+00,1.549371865685799987e+00,1.557093305794269966e+00,1.561673548359099994e+00,1.614197922361030102e+00,1.852121959103359972e+00,1.862797103164469892e+00,1.733779691129109901e+00,1.474934347214059915e+00,1.252410351436350044e+00,1.075130881993970000e+00,9.733176115551369634e-01,9.428803291205459791e-01,9.771260463676000319e-01,1.046203441018030089e+00,1.127344108484279905e+00,1.224891914719959951e+00,1.307687610986280058e+00,1.356441243688289999e+00,1.392444609956670076e+00,1.432251261031489920e+00,1.513203553751470087e+00,1.515855029332159987e+00,1.633007669787849947e+00,1.726955415436489893e+00,1.881342547355769890e+00,2.060816873325360010e+00,2.277550437190679844e+00,2.265091886790609799e+00,2.019501086824630143e+00,1.702926297356269991e+00,1.104058845543500089e+00,1.078367260251910098e+00,6.844033478599069742e-01,1.097814493626579901e+00,5.819131535878030448e-01,7.871376525732090013e-01,9.833207890962719633e-01,9.854681925020220001e-01,1.142211780338989957e+00,8.842297582349729623e-01
1.004473787302389898e+00,9.257646004033639464e-01,9.181430749580079542e-01,9.400070142453239574e-01,9.489190362301469506e-01,9.624758357888619775e-01,9.514401304710039531e-01,9.594763384641900039e-01,1.059677181307129956e+00,4.950578779712749844e-01,1.070697035573419997e+00,1.385447793208469891e+00,1.188887767478020052e+00,1.285160375258219911e+00,7.711320939875370151e-01,8.481490324613299991e-01,1.893209623807059927e+00,1.662635157668880037e+00,1.616580476683689982e+00,1.599649269918669958e+00,1.436176314682040100e+00,1.354926449309040049e+00,1.313615322100029958e+00,1.251881742529890040e+00,1.246038299311150066e+00,1.028029222433400003e+00,1.025245209063339935e+00,9.889650470414109718e-01,1.005951188081140035e+00,1.012018939921369931e+00,1.023081255038889914e+00,1.098593164508389952e+00,1.201653356073060008e+00,1.297927564158739999e+00,1.344165579127150068e+00,1.390727104047750018e+00,1.469339834688420110e+00,1.536900916228429947e+00,1.658167867202130052e+00,1.710940724581800021e+00,1.812662994269830019e+00,1.971228073057099905e+00,2.132381944875279878e+00,2.347022248808949829e+00,2.640920708429479902e+00,3.098272274425629913e+00,3.775598413184479973e+00,3.400747700182139788e+00,2.323619779278459863e+00,1.669755231642370052e+00,8.702939181206580388e-01,8.281119285481030046e-01,4.897906398692060126e-01,7.910645780556370132e-01,4.290263409385700055e-01,6.412056122338409825e-01,8.361833847495769856e-01,8.906918244758339487e-01,1.104803940281730013e+00,1.100457152119010074e+00
1.058849496535120061e+00,1.087587763650639916e+00,9.530233420330379568e-01,9.746140092043039660e-01,9.893561023078629724e-01,9.966118782043420499e-01,9.611880767932039493e-01,8.836406771937840299e-01,7.512151644985950449e-01,1.915939027629300018e+00,1.224785601289049897e+00,1.442390697473610039e+00,1.282240704014480093e+00,1.306047179484000065e+00,7.769195026443229679e-01,8.057238818122649526e-01,2.006546872204149956e+00,1.823539678996940028e+00,1.833177974351730022e+00,1.647008056316400015e+00,1.438118387165230105e+00,1.165282255919430021e+00,1.214298312693329995e+00,1.182095057409130012e+00,1.183550788891819971e+00,1.187538080546860053e+00,1.192454567370339946e+00,1.160298419742439968e+00,1.185318355954519953e+00,1.292046286019429946e+00,1.274650868726949993e+00,1.270360161717100089e+00,1.286633241723450061e+00,1.317530342226749918e+00,1.340139061262560105e+00,1.374577296524430059e+00,1.463706871951339972e+00,1.543139269990019935e+00,1.644101077736290106e+00,1.733622206758989925e+00,1.882135480329570010e+00,1.998797010347509895e+00,2.189075981602090160e+00,2.414717005837530017e+00,2.772097716277570179e+00,3.336177356525429794e+00,4.201882207571100203e+00,3.839114985860379914e+00,2.618114158900819888e+00,1.812760516963169977e+00,9.291307412232170382e-01,8.619000988458119794e-01,4.434652571099029772e-01,8.920196605824419755e-01,4.378498915026080018e-01,6.255504593544219949e-01,8.040462383365210020e-01,8.190008123742970048e-01,9.396276013388189519e-01,8.821287972790370358e-01
1.007430170850170059e+00,1.003271569692449905e+00,9.164728682676399618e-01,9.391040803479470123e-01,9.656784903936159736e-01,9.787253155702330121e-01,9.947639638434749854e-01,1.023573427725950058e+00,1.141221606522309973e+00,1.579206040933579969e+00,4.473614694991689955e-01,8.922897767338610064e-01,9.748953775121890208e-01,1.006874179786549917e+00,8.005234979595949873e-01,5.581111918657869486e-01,2.183251408687699957e+00,1.853168101802519896e+00,1.714615461322279932e+00,1.654172232219980110e+00,1.713688014236609991e+00,1.731938396714640005e+00,1.768277098258169922e+00,1.838021329230949963e+00,1.861918162810829891e+00,1.867885802310730092e+00,1.813675961177720009e+00,1.820537163888630072e+00,1.477746524727590050e+00,1.399691627850659925e+00,1.076138408625910037e+00,9.266694208198269500e-01,8.426230309853229850e-01,8.048915048500250302e-01,8.391932824018909498e-01,9.025401953990880299e-01,9.974853454748630055e-01,1.121731242984510102e+00,1.202969438950659997e+00,1.285093595700989910e+00,1.324222299862459984e+00,1.426577434096619967e+00,1.517555341033719918e+00,1.599064409056579983e+00,1.759426939114089983e+00,1.938193030764209901e+00,2.242619990912289918e+00,2.461745597663890006e+00,2.615209536478170005e+00,2.372021881820950195e+00,1.586179373624569955e+00,1.455670096537649894e+00,7.265844071958390549e-01,1.176970131382190088e+00,5.210854197200880389e-01,5.384495527283540417e-01,7.353933290695590097e-01,8.217833210593189497e-01,9.581017613639190023e-01,1.079029099622349941e+00
2.483805307517899879e-04,2.293508813514200052e-04,3.033845525192529731e-04,4.205175222286799768e-04,6.854013896535480132e-04,7.510172697278070207e-04,9.232481181771019958e-04,1.895942684444449971e-03,8.080210927871439835e-04,1.668811810774249900e-03,9.614148431515349806e-04,1.083895760298390085e-03,1.087016766092899949e-03,1.107344165259750018e-03,1.611089023281300076e-03,2.312169239415939968e-03,3.053545124401600089e-03,1.910814186368749905e-03,1.298525662422370022e-03,1.421000909589629916e-03,2.217557161490579798e-03,2.007568231393939973e-03,1.798157613135350098e-03,1.754368972426539972e-03,1.115332294205849915e-03,1.410956918380629893e-03,2.410221062037289953e-03,2.355479384926589901e-03,2.007102406667289878e-03,1.374706570875139974e-03,1.769253151553290028e-03,1.394798414401919942e-03,2.093045578815240070e-03,2.444376285367329867e-03,2.455606628988269823e-03,3.139765751854520139e-03,2.806115042508859798e-03,2.973615201050000198e-03,2.353198190787629974e-03,2.703852307150470067e-03,2.694164463351809806e-03,2.863260711881160207e-03,3.080624656580079924e-03,3.510185705663259898e-03,4.752690100525879674e-03,4.770729472082529780e-03,4.609150836289470192e-03,4.970401843039319936e-03,5.638384988418589788e-03,5.414933714057330004e-03,2.887574070516259889e-03,2.865887394081119855e-03,1.465296223271549949e-03,1.778145291489929922e-03,1.115178121921360033e-03,7.912347272110589833e-04,9.258172125173399917e-04,6.561436926616969704e-04,5.756725887471349744e-04,3.485719382242469851e-04
1.080431069522429954e+00,1.040961387665660043e+00,9.787549702484079628e-01,9.971595818236720365e-01,1.009389799394069920e+00,1.006269243821189985e+00,9.733272557560219695e-01,8.936124654922320554e-01,7.080477937922350362e-01,4.023276651077109634e+00,1.375502118881539948e+00,1.456788164121020079e+00,1.314179027356839891e+00,9.391617784236000466e-01,7.273083894485210532e-01,8.910698022901269999e-01,2.068304170654020169e+00,1.711616766460239969e+00,1.489199192708750008e+00,1.291976684324319891e+00,1.168555185169340094e+00,1.175613086631730031e+00,1.285257833248200088e+00,1.301361570985910099e+00,1.369548429503870013e+00,1.391898622114609907e+00,1.331799996889819981e+00,1.210394009991220043e+00,1.100364652385710018e+00,1.067831399083229993e+00,1.125890236209510009e+00,1.250100505261019901e+00,1.339787220264559986e+00,1.400751009538969916e+00,1.420432427899120054e+00,1.486559344632490065e+00,1.568858719000389979e+00,1.653980256891149914e+00,1.744513217871529909e+00,1.855009496693379889e+00,2.016023171649580004e+00,2.208975523165889854e+00,2.456729733304380048e+00,2.728427791365529931e+00,3.214627874500730176e+00,3.864258063283830147e+00,4.584776173650520370e+00,3.673878859701949828e+00,2.231963490449690113e+00,1.553684382848260048e+00,8.105660956478889512e-01,7.877058290854279665e-01,5.258592608218279896e-01,8.153332082987869711e-01,4.983713814382280116e-01,7.616840665905749708e-01,9.818956243615090118e-01,1.019747891138290008e+00,1.216236601533219996e+00,1.064776478625679923e+00
1.010460356154970096e+00,1.071801407724809918e+00,9.165033491971390500e-01,9.335420310023410106e-01,9.500723785103519781e-01,9.522213634049340181e-01,9.260576277759760000e-01,8.801484931685700230e-01,8.215765995004079558e-01,1.815633817941759931e+00,1.190714656405710059e+00,1.214017423912729932e+00,1.141129264959590106e+00,1.145626265074060068e+00,7.624827536327549726e-01,7.631640796339580479e-01,1.993028384823859911e+00,1.728562312341689999e+00,1.670043520166929918e+00,1.677439794869209910e+00,1.737621087331429948e+00,1.719129570304120058e+00,1.707487571431520079e+00,1.532223692271639903e+00,1.396824172354359961e+00,1.280327902812689933e+00,1.037749333233600080e+00,9.096103352886080184e-01,9.666800607127410405e-01,1.042040798497140042e+00,1.107491187425249990e+00,1.182726882030890048e+00,1.239393066650049890e+00,1.287827583265910070e+00,1.325105802658889997e+00,1.383467202516790007e+00,1.444058668255610023e+00,1.555814463836910022e+00,1.659958428870049962e+00,1.795365975025150052e+00,1.763205050063689994e+00,1.916738871650200071e+00,2.140912682434950032e+00,2.321685958516110038e+00,2.594659228343529911e+00,2.861394052298980029e+00,3.055697218271240079e+00,2.676071693922600137e+00,1.978966103721629954e+00,1.478800933723440014e+00,9.001633477643650183e-01,8.500927212619480144e-01,7.097421773444180237e-01,1.017375852297800032e+00,7.406987338384519726e-01,1.052764111569149952e+00,1.305167772879860077e+00,1.332656904319980073e+00,1.505291487601529976e+00,1.213287026321770101e+00
1.045991620354939977e+00,9.814956678581649996e-01,9.243063810862259810e-01,9.493086493170199702e-01,9.770093363561069832e-01,9.727156826089250474e-01,9.633252987991000049e-01,9.127275225033939510e-01,7.728696185681800390e-01,2.156716051247370203e+00,1.166943663473340109e+00,1.316325902063649966e+00,1.226783228468550035e+00,1.081264139569779958e+00,7.718739202645099606e-01,8.779428819831449626e-01,1.938865489757769955e+00,1.731561833353560065e+00,1.519078399781190081e+00,1.299696505184299911e+00,1.239476652043050020e+00,1.135714436629559954e+00,1.245637234378299985e+00,1.271087224172759989e+00,1.316304427067489957e+00,1.343307497831450092e+00,1.335771031003230025e+00,1.235731711094820051e+00,1.330169250662990077e+00,1.325525182279940095e+00,1.333683907807569957e+00,1.431605112933870050e+00,1.512199414779749951e+00,1.592400789830489938e+00,1.671760103695689947e+00,1.766141130209279986e+00,1.929909724235030044e+00,2.067036015188739917e+00,2.206581781613190074e+00,2.410813325395749995e+00,2.816258070466739927e+00,3.059077094109269979e+00,3.562355143907350197e+00,3.814392815927349911e+00,3.877581547009130158e+00,3.472519182291100126e+00,2.818682041367539970e+00,1.941608009653359890e+00,1.287875941525949974e+00,9.270011971581889609e-01,7.922359305471200486e-01,7.945338920780169456e-01,7.543749478721549773e-01,6.822021815110780318e-01,6.087719277148320174e-01,5.771290273551850092e-01,5.293077337718720132e-01,4.722244689302009801e-01,4.209786876583270221e-01,3.541865197258770026e-01
9.506353345948580502e-01,9.183987283191989981e-01,8.536598218995929965e-01,8.665334929518170304e-01,8.808288349260090522e-01,8.853906791592549563e-01,8.696810173568889635e-01,8.626978188866339936e-01,9.630004079097239655e-01,5.114085895995990061e-01,1.047808838712259938e+00,1.305909705689360045e+00,1.169887074626319912e+00,1.184253633573910003e+00,7.329813282078649905e-01,6.996133268423939677e-01,1.698150807552559982e+00,1.520284693946160059e+00,1.469817830038419926e+00,1.470659348591440096e+00,1.433215743664929986e+00,1.449773916438610089e+00,1.511495888476779959e+00,1.558713907902520068e+00,1.532782582069170063e+00,1.213895669675639999e+00,1.013086953903139964e+00,7.948201780904350366e-01,9.397778690488199915e-01,8.310212974094830507e-01,8.724029863828509646e-01,9.547650579173370122e-01,1.039954233315599996e+00,1.137236238431239999e+00,1.198802233482830104e+00,1.267198795710670067e+00,1.349293646159940074e+00,1.416752890336659965e+00,1.482334327443699973e+00,1.562024620775029904e+00,1.735135262669730061e+00,1.826283913985639940e+00,1.985226605723299897e+00,2.160197317445890164e+00,2.429757355378289851e+00,2.789443178074650032e+00,3.162018361158219992e+00,2.497401933416389941e+00,1.906448303087469931e+00,1.469780632912470075e+00,8.470746769589889702e-01,8.544890326128250502e-01,4.749952273324580254e-01,8.711899316294059448e-01,4.457301048727039805e-01,6.280833397696939935e-01,8.286568163850409618e-01,8.249834966959109783e-01,1.052110397315110024e+00,1.038728100754080064e+00
1.104464874673489971e+00,1.034015093020050013e+00,9.989961195083719714e-01,1.011318422715359988e+00,1.031220586878710099e+00,1.036050892313199911e+00,1.011627862719419957e+00,9.801414951257040320e-01,9.018381821491360251e-01,1.063547913843170045e+00,1.334196731881549969e+00,1.430588445911679996e+00,1.282678618625979983e+00,1.214448850339860053e+00,4.500133794403110010e-01,6.396395473223559502e-01,2.291586197920369994e+00,1.874230690056639892e+00,1.801496338828650012e+00,1.819120748843710000e+00,1.893004560511490020e+00,1.787452797882790101e+00,1.884838481034649904e+00,1.850374532747989909e+00,1.740364739634620017e+00,1.504912203855039987e+00,1.282599445619770018e+00,1.085235450571339966e+00,1.029037495839580041e+00,9.718966261434279774e-01,1.074506473452019994e+00,1.107015067213809933e+00,1.185012143688739972e+00,1.258993219439819899e+00,1.291265318660349992e+00,1.363275420224280055e+00,1.453091949475519895e+00,1.537765147541070077e+00,1.660428632488490042e+00,1.697027343999820026e+00,1.856655755561370080e+00,2.035662047489060100e+00,2.022752057086020017e+00,2.202453311806169989e+00,2.456530848017360213e+00,2.772968561998399917e+00,3.141532045527169803e+00,2.980594376280420121e+00,2.345134272051709878e+00,1.854668850852710049e+00,1.129045183371730099e+00,1.076830379927010028e+00,6.180219695553289538e-01,1.098966591530140091e+00,5.796418914799980060e-01,8.209453037719930402e-01,1.080221687420680032e+00,1.150889022174790055e+00,1.419581807721840061e+00,1.412254687913450102e+00
1.019781843142969935e+00,9.968018947824750509e-01,9.142822733807169922e-01,9.399321504940200134e-01,9.684131305539579460e-01,9.791480449275179465e-01,1.016883254804060055e+00,1.045069647065119955e+00,1.162892769936709980e+00,1.070670426777950102e+00,4.346231268525699853e-01,8.298522992311020419e-01,9.366705086817760373e-01,1.000424245419700098e+00,7.898041135499509480e-01,7.322993016438750224e-01,2.155480551667159794e+00,1.924042786003629990e+00,1.753681680211919947e+00,1.696691773539100057e+00,1.719957072753969918e+00,1.750272651901159993e+00,1.770365127165770103e+00,1.811069054195820094e+00,1.844753226440760008e+00,1.780733912427409971e+00,1.827352148760200024e+00,1.624664757430529960e+00,1.536019073243160005e+00,1.281777791750549955e+00,1.088230632837670075e+00,9.778003612752329543e-01,9.282428658913419728e-01,9.205381189007380005e-01,9.389036026926239620e-01,9.976605364798960540e-01,1.115596149515039937e+00,1.269540739236650007e+00,1.384402649229329985e+00,1.493211395258799978e+00,1.612504636256149926e+00,1.720559247780909962e+00,1.861903980661600011e+00,1.969887046087750004e+00,2.101231970925689918e+00,2.187167907388539945e+00,2.389212737899709893e+00,2.438120048481120072e+00,2.278459936555980114e+00,1.989373099789849997e+00,1.225816946260950058e+00,1.202479576344970047e+00,7.124988469023260107e-01,1.055424739761499975e+00,5.054442563572120184e-01,6.303575709829349893e-01,7.988868068333789818e-01,8.387112348836159859e-01,9.999109622012190002e-01,8.968830336785259538e-01
1.039322843108309913e+00,1.063766949856000066e+00,9.382329807757250340e-01,9.693142937697409867e-01,9.730793510979030003e-01,9.902239228804440296e-01,1.007518686509480066e+00,1.006263321900920049e+00,1.045022746338410080e+00,1.417606392914279922e+00,7.164167275259269996e-01,1.052235627928449935e+00,1.041313727021510038e+00,9.906501188844709649e-01,8.159404960445030275e-01,1.520535060747800093e+00,1.654764692783349922e+00,1.540940987072090040e+00,1.528120352566689988e+00,1.482093069456859924e+00,1.529012272583279985e+00,1.534815863173649930e+00,1.547778423711980045e+00,1.569887721231199906e+00,1.648252952791519954e+00,1.646559529935980093e+00,1.502872048083790046e+00,1.204223001743119914e+00,1.032615276177049957e+00,9.951797479716409933e-01,9.931122791440679665e-01,9.431459651022270352e-01,1.053514558391990041e+00,1.151427712889879995e+00,1.194405184556750044e+00,1.306398730322470003e+00,1.308996821947219891e+00,1.342922734803990048e+00,1.377024958456990023e+00,1.412820498412290071e+00,1.482633246811339900e+00,1.567302103704049987e+00,1.657688802052049937e+00,1.730229455590180043e+00,1.852580308988690083e+00,1.995271592848609998e+00,2.261448668250400029e+00,2.518159926031020124e+00,2.528996347511589970e+00,2.308893952839549790e+00,1.501639753434609981e+00,1.403305523806819943e+00,8.655395595563559752e-01,1.245753390623759893e+00,5.633961226698880331e-01,6.681217895380450189e-01,8.796435589942069866e-01,9.673572940413319721e-01,1.138914594983029938e+00,1.158244920094309904e+00
9.786557661766900340e-01,9.487188753762549887e-01,8.880008151521070481e-01,9.108784071478189803e-01,9.276138266175429914e-01,9.475386097463549540e-01,9.413836018174419618e-01,9.476592190907050517e-01,1.074454640796280058e+00,6.184904327119139511e-01,9.159302348937079508e-01,1.214345814314429894e+00,1.037449395823649922e+00,1.122684094190220083e+00,6.513103553136979640e-01,9.919408286272319852e-01,1.669403903276680090e+00,1.555485564145429933e+00,1.491336655106960007e+00,1.510254239732599979e+00,1.529662088159760014e+00,1.547930033262300054e+00,1.567580719530049960e+00,1.661289217884460045e+00,1.684232319457189986e+00,1.471480641585849902e+00,1.139614715666940059e+00,1.089383368476070091e+00,8.995628692866669551e-01,8.515784720738019953e-01,7.996672953911659887e-01,8.263242824368759454e-01,9.153890128185699915e-01,1.139303309723699975e+00,1.125639960526370054e+00,1.230962585026210032e+00,1.327115412703330000e+00,1.414534212880109942e+00,1.481549260916769972e+00,1.562936977473609934e+00,1.675239949346160051e+00,1.808787014006099980e+00,1.936553756761840051e+00,2.093112253315669857e+00,2.436789652747540114e+00,2.774796713329870101e+00,3.192652406607169979e+00,3.093510061131460098e+00,2.518390037448340113e+00,2.026116372690809797e+00,1.175151450163800071e+00,1.100340847764990082e+00,5.868557347115580525e-01,9.223779634920159509e-01,3.638419517979519791e-01,4.899664985815029850e-01,7.145837988690020293e-01,8.309126344250470364e-01,1.025482790776349962e+00,1.087677904490659930e+00
1.017478501741130081e+00,1.074971116366659984e+00,9.248508915401469910e-01,9.472870653797900165e-01,9.723761137778910157e-01,9.932091770494130278e-01,9.907455957676709613e-01,9.990174861935600115e-01,1.102302041055710058e+00,8.053988944473090550e-01,8.507157462733759834e-01,1.195449153943459963e+00,1.089014824315909902e+00,1.170368549081310050e+00,8.514300793218809726e-01,7.791314437412849569e-01,1.970450701366599944e+00,1.700751812719200062e+00,1.638926262444809989e+00,1.641879545199349977e+00,1.660324055633940032e+00,1.614296966953769896e+00,1.673283216463159917e+00,1.753178210509819923e+00,1.841141598107129962e+00,1.744587401060869958e+00,1.433664474982099923e+00,1.204123855375500041e+00,1.002950257518050003e+00,9.365557872549850060e-01,8.533896045295830124e-01,8.855370210613739967e-01,9.744956086266669537e-01,1.123778635748380106e+00,1.199138452622960038e+00,1.281708691502680075e+00,1.371047388897449926e+00,1.436470382615669950e+00,1.521560685411929903e+00,1.469805709660940041e+00,1.618317797907139921e+00,1.738894860349639915e+00,1.857788371740179967e+00,1.967190985649730051e+00,2.137547287639680160e+00,2.324258629059249959e+00,2.563441716490390210e+00,2.586510447632409893e+00,2.635253278110989861e+00,2.284117903026530172e+00,1.391973985589350038e+00,1.328638766707739949e+00,7.845253421461529930e-01,1.113784877067599988e+00,5.883863709528229791e-01,7.953042599215219832e-01,1.046819622062719946e+00,1.142209161443529908e+00,1.394896312726600085e+00,1.441098570577499904e+00
1.113866526453449968e+00,1.059796558127130028e+00,1.013182782182000086e+00,1.039664487082760047e+00,1.056599977262189904e+00,1.077674213442169959e+00,1.050707810691080102e+00,1.019618191499690019e+00,9.661852747462359448e-01,9.882575465539109594e-01,1.276477591239070009e+00,1.314806836970050075e+00,1.245743247864040004e+00,1.186872070161880011e+00,8.445253521935950358e-01,9.471614230898109943e-01,2.088608240188010168e+00,1.768302942858209992e+00,1.698125630701190047e+00,1.703052178689510088e+00,1.738192894452480042e+00,1.735137582068920103e+00,1.678711265478119996e+00,1.691862622332809929e+00,1.743886205842039905e+00,1.732956737729760111e+00,1.569238760422370094e+00,1.260531240880369941e+00,1.166730771237419972e+00,1.045079827001790029e+00,9.897511179603190046e-01,1.021356000349280091e+00,1.100578929311510024e+00,1.171688484510909900e+00,1.219518741650549964e+00,1.297554823283860070e+00,1.345580267525049889e+00,1.403660340982090027e+00,1.457084803656500060e+00,1.517614856016239910e+00,1.605728484577690018e+00,1.687592131248049965e+00,1.826272901302580021e+00,1.943146129897540098e+00,2.114635578612260147e+00,2.039939163443329928e+00,2.679714994444939880e+00,3.001942554969439847e+00,2.949731925359820206e+00,2.600452947244619839e+00,1.476982295157680092e+00,1.363745632242669981e+00,7.789221080374499895e-01,1.121329132333670042e+00,4.393948178167380036e-01,5.129022118975610223e-01,7.198692192009450430e-01,8.298410427118949606e-01,1.012823733077830024e+00,1.118060535175350090e+00
9.880510989751419837e-01,8.592375041877789998e-01,8.914928205137759853e-01,9.119419360246939776e-01,9.177759492004350372e-01,9.348882280205510487e-01,9.309480113436610083e-01,9.238842401049000008e-01,9.236056180194119891e-01,5.534069775288129600e-01,1.083483062995620028e+00,1.339015251537980067e+00,1.226579471749609906e+00,1.125393894955170060e+00,7.738267263624130088e-01,8.716137243853709915e-01,1.935204684703140110e+00,1.716679666028759987e+00,1.689945189797869896e+00,1.722970663126280000e+00,1.692894205693280085e+00,1.700316787195299995e+00,1.674030019513230050e+00,1.587602646966830067e+00,1.532510637152330046e+00,1.371226078648889901e+00,1.143975666707659933e+00,9.407028443613240087e-01,8.997731181382849774e-01,9.227116367201110281e-01,9.729327931817169928e-01,1.065156828012929990e+00,1.289257301816449930e+00,1.293559809228129964e+00,1.384660180624899928e+00,1.491390775086979925e+00,1.619946677818070002e+00,1.733744140343189910e+00,1.849239595893390042e+00,1.969623208005619963e+00,2.164181479196559899e+00,2.348615158176829976e+00,2.609841166860090045e+00,2.748630764657660208e+00,2.825153212159130067e+00,2.798774768736000063e+00,2.699208308899490039e+00,2.320542194211610010e+00,1.958144636288160045e+00,1.766028717702279982e+00,1.315406723167400038e+00,1.375216647632109934e+00,1.120464919000780046e+00,1.559150243441820072e+00,1.035549734524509935e+00,1.232841407159350089e+00,1.154924852222140030e+00,1.011685268219449929e+00,9.183089964628710078e-01,7.106599659661050339e-01
9.200737366038329590e-01,9.285937345644339480e-01,8.344909858961090388e-01,8.570499819348670334e-01,8.765463194382969725e-01,8.918943836313589779e-01,8.877426087369679752e-01,8.870827488149160001e-01,9.079599229041199759e-01,1.054636604704640046e+00,5.897144946186909653e-01,9.004776465180980294e-01,9.331193968366670033e-01,9.366542193592719556e-01,7.371083430658279534e-01,7.271404240485109804e-01,1.932778442146960041e+00,1.618262664896670033e+00,1.517628833979209890e+00,1.504139052024310086e+00,1.549106414066649950e+00,1.502589982226820053e+00,1.557916431924849965e+00,1.546409663220619901e+00,1.585555937976919960e+00,1.555410333482180052e+00,1.607824134426250051e+00,1.431695084565909992e+00,1.205880582594410111e+00,1.000827699702760087e+00,9.003350210963929623e-01,8.756806519223819807e-01,9.046081746235039578e-01,9.729767932417510146e-01,1.040534901875620033e+00,1.139898687702499913e+00,1.216364804870949889e+00,1.288900319519489912e+00,1.320312750073540098e+00,1.351708737370789892e+00,1.390551696768340006e+00,1.466863889822499933e+00,1.526943460490379989e+00,1.556836268996599992e+00,1.708556733592049959e+00,1.839198159983659986e+00,1.999893658252489992e+00,2.033621276653109877e+00,1.886870581183440088e+00,1.669928199020499937e+00,1.105234160628189910e+00,1.098324165066220104e+00,6.754272977052819815e-01,9.622821212084570197e-01,4.709177132927209741e-01,5.422967479364110277e-01,7.168101498441490360e-01,7.913536555661789818e-01,9.514650857732589451e-01,1.038111022320199917e+00
1.021765989421830056e+00,1.045753431593730021e+00,9.128505757349819616e-01,9.416524364507690148e-01,9.422481804988499521e-01,9.518116693233870107e-01,9.317923336022679859e-01,8.991672234871770364e-01,8.552469111781619837e-01,1.279441950540550099e+00,1.005213163483940075e+00,1.334084148491889943e+00,1.170228167490309890e+00,1.177447651078979973e+00,6.571400377492609968e-01,1.042662832751549917e+00,2.004460979855879899e+00,1.779238391308120004e+00,1.742797503428860084e+00,1.830303514277759946e+00,1.645758551484610033e+00,1.785938496104559903e+00,1.743699504483180007e+00,1.587379367682119957e+00,1.448097938170499921e+00,1.044669449084320023e+00,1.076961657405949957e+00,9.044388216559330340e-01,8.510828628623280379e-01,8.349541808335280146e-01,8.541560853742959925e-01,9.127576187155049814e-01,1.030003301179500008e+00,1.170972768363639949e+00,1.321558727032349889e+00,1.462905050923370087e+00,1.494145748551559905e+00,1.697857994169680085e+00,1.777673261820359896e+00,1.880057124652360079e+00,2.012817327925149780e+00,2.191454142451020104e+00,2.444120651043140136e+00,2.649094943338630159e+00,2.901745332966379820e+00,3.297018683176359932e+00,3.685046003692490135e+00,3.040149892851879976e+00,2.153031268768689888e+00,1.711102042859210082e+00,1.034753587788310059e+00,9.246583114120610070e-01,5.107017942239180375e-01,1.000468653024410015e+00,5.113600545071710357e-01,7.756859431323249732e-01,1.094918479282650070e+00,1.161763684664240071e+00,1.293602557200169922e+00,1.153151043561470024e+00
1.003774383969709971e+00,9.707838528334059580e-01,8.937110959072539496e-01,9.283970154559160193e-01,9.406642566050790188e-01,9.523407655605350408e-01,9.679956026135629887e-01,9.407297233323490548e-01,9.579113668183100172e-01,1.143285768167320082e+00,5.092390425464650150e-01,1.111903053926410090e+00,1.102457266266259950e+00,1.095889784854390037e+00,9.061195258912200234e-01,7.979546787477730385e-01,1.869491576828459900e+00,1.691051247643450051e+00,1.609880249391810070e+00,1.644369926736769960e+00,1.659467340525299983e+00,1.659264569921250043e+00,1.645430001598620073e+00,1.588194159654759963e+00,1.576676617969350103e+00,1.564315947227149950e+00,1.436053296028630077e+00,1.166842216584619951e+00,1.214022122350060018e+00,9.561782571978609813e-01,8.879639521380969791e-01,9.248882826355500075e-01,1.019107887778800015e+00,1.076685822925850022e+00,1.104736933074919936e+00,1.153861217611769963e+00,1.223908198366949973e+00,1.287682252358709922e+00,1.345162405689950047e+00,1.445456130318679921e+00,1.516885711033310047e+00,1.626516262407740054e+00,1.749540423521350085e+00,1.882562362207649942e+00,1.788828315269350044e+00,2.312185224032830000e+00,2.734818786989079875e+00,2.829830286738740153e+00,2.449656158521429816e+00,1.968790755163529971e+00,1.069979110892989915e+00,9.702959004564579715e-01,5.518943793649070395e-01,9.031512011019450226e-01,4.517009309356500024e-01,6.488385229628219619e-01,7.935620909053719974e-01,7.886219393078709450e-01,9.340954422088729725e-01,8.130753758684290400e-01
1.102314104270079920e+00,1.142176971111239947e+00,9.926285725018639816e-01,1.010879744542110048e+00,1.024176003438800109e+00,1.031581756284470019e+00,9.932989484693770521e-01,9.160058868863919512e-01,7.383687884356030517e-01,3.392276252814620197e+00,1.311565313896859930e+00,1.462945471872789893e+00,1.288256223070110007e+00,1.277186792202450016e+00,1.054498647026419933e+00,1.129314498701339931e+00,1.872419891946689896e+00,1.818351610817700026e+00,1.798598855134859953e+00,1.709632008903350098e+00,1.517590727339030110e+00,1.287854682442939991e+00,1.065049018994149943e+00,9.018345000345789897e-01,8.087997379471989490e-01,9.106882609655150285e-01,1.032330150417199999e+00,1.184504877672799994e+00,1.285918805036049939e+00,1.325099783626140004e+00,1.343670512363660086e+00,1.390357717420529937e+00,1.445727704948470027e+00,1.498594181250159973e+00,1.522249820436629930e+00,1.591378301404759998e+00,1.704576807204329914e+00,1.818165240374209901e+00,1.922707863688490004e+00,2.082266858458190040e+00,2.286046033538419842e+00,2.563772416621400208e+00,2.870082403731560206e+00,3.232850319623029822e+00,3.655155268031029969e+00,3.805914849590399829e+00,3.497093976150210004e+00,2.433225889010110166e+00,1.594921589404830087e+00,1.181367249741340109e+00,7.549221658327429640e-01,6.977240276979630451e-01,6.090988092814020316e-01,9.074581728402939529e-01,6.983169360681269477e-01,9.528680256509789448e-01,1.068859665930369962e+00,9.537477216266220248e-01,9.011006788041969751e-01,6.669960529338250232e-01
1.030935248746539967e+00,1.043504281581989934e+00,9.311539159632999940e-01,9.521710797504210344e-01,9.679240922099690003e-01,9.868292418726629656e-01,9.826751620575829849e-01,9.981141213770049481e-01,1.181628046390369891e+00,4.245486374192969925e-01,8.395650992959240444e-01,1.319430480257619998e+00,1.149989927348449958e+00,1.331368923483370104e+00,7.805745627027600442e-01,8.613192896277369615e-01,1.958583308063249984e+00,1.711066316886630023e+00,1.648598160817569935e+00,1.656334550341280076e+00,1.670075577168439906e+00,1.673060207330480109e+00,1.664913378340270089e+00,1.655851241561909992e+00,1.621421027795419967e+00,1.484353408410189923e+00,1.295091472931219956e+00,1.096887914615370052e+00,1.069092884530820076e+00,1.065534205075910013e+00,1.105097364744489941e+00,1.199473267888389927e+00,1.286449612045859947e+00,1.343996704832749911e+00,1.374829002693310098e+00,1.428037079161720069e+00,1.509559318474549938e+00,1.597512781750709987e+00,1.770620524022120001e+00,1.771396656778200018e+00,1.933734383926950073e+00,2.119855980070400214e+00,2.340201277247360157e+00,2.455035879973590074e+00,2.802484897765539884e+00,3.153260039042890206e+00,3.454048385577639824e+00,3.023530098928400189e+00,2.319340433457529826e+00,1.787835028647599911e+00,1.112968818104669966e+00,1.089709703862510093e+00,7.053314883076510222e-01,1.234417166428779966e+00,6.964851422897909705e-01,9.269526987130729534e-01,9.425910284428969943e-01,1.065794648864939909e+00,1.169732200071289974e+00,9.635801267745619514e-01
1.091400331046959993e+00,9.922730325128610307e-01,9.810852666254900045e-01,9.949555653832330426e-01,1.017994728404230109e+00,1.035208641647840100e+00,1.000421237593779988e+00,9.807458722563410225e-01,9.208724465492650335e-01,1.921249163410309935e+00,1.142271998878940042e+00,1.323461889161609895e+00,1.254018373331770020e+00,1.175077340178569907e+00,9.087392393137659896e-01,9.065094199008429943e-01,1.816726059995100062e+00,1.680393761017229926e+00,1.698802175379509949e+00,1.694650400705260074e+00,1.720051185923249903e+00,1.688909436626989891e+00,1.484012346143549932e+00,1.248803900800689926e+00,1.262600706642150072e+00,1.376231857814540049e+00,1.296695633653579982e+00,1.184597627775519912e+00,1.135848443549319908e+00,1.083413088143099889e+00,1.049111539142459915e+00,1.124649220413999950e+00,1.180864101678259948e+00,1.269081356574669917e+00,1.321541451511730081e+00,1.396529296190540004e+00,1.489562871626439966e+00,1.575272685795650052e+00,1.670432337051380056e+00,1.771164281656520068e+00,1.918601097085139928e+00,2.091828115186389780e+00,2.302512331495719877e+00,2.546547608872910207e+00,3.009917134569979780e+00,3.580814797143640149e+00,4.242611727950089673e+00,3.530178406645339884e+00,2.300468460763120060e+00,1.586296134671900004e+00,8.663193101658369644e-01,7.994101601000109802e-01,4.730731584095729803e-01,8.806769224049479927e-01,5.035523602758680273e-01,7.757328395316980263e-01,1.004104732636289965e+00,9.320551102444459834e-01,9.360635781321180460e-01,6.170807520963139670e-01
9.845364689643220091e-01,1.025090744741149917e+00,8.867689772382140179e-01,9.075406341523200027e-01,9.292509952535640272e-01,9.388895135996579988e-01,9.298540543066819986e-01,9.084125556715769712e-01,8.792013135284060255e-01,1.137104520588029910e+00,1.060675299279890016e+00,1.305368923237149925e+00,1.188538443859139981e+00,1.232278705350279946e+00,9.173774201521890381e-01,9.207450318807880452e-01,1.797327312151429934e+00,1.667465377087169909e+00,1.763732773713369895e+00,1.714087457337019949e+00,1.684052964999050106e+00,1.698990638509130013e+00,1.537830877985630007e+00,1.450064037262450034e+00,1.401051637044909981e+00,1.295963171642459999e+00,1.209311305600970110e+00,1.025459641756440110e+00,1.191340511974180005e+00,1.215758504935610107e+00,1.166566348975180079e+00,1.226381799056390109e+00,1.310747559710500054e+00,1.396233394329420063e+00,1.449542710360169906e+00,1.553447292325979889e+00,1.564541484405689964e+00,1.718142849691159935e+00,1.850511221912199966e+00,2.034581524765469940e+00,2.277692015204570097e+00,2.552726383838539892e+00,2.917149096570600175e+00,3.226298371715039970e+00,3.449304598418589940e+00,3.144274458223450086e+00,2.913207013555150215e+00,2.126355551249819786e+00,1.572457326230690011e+00,1.215722219851490093e+00,9.093066108759090271e-01,8.706732547522330057e-01,6.574324467365919578e-01,7.358441234491650551e-01,5.047196133041990107e-01,4.746265365989519869e-01,4.392840445522239734e-01,4.029740759762129865e-01,3.920409123324650191e-01,3.440894078247270227e-01
1.075915732891570054e+00,1.010599940045249889e+00,9.693362830272560515e-01,9.985429036467120545e-01,1.017246340670969973e+00,1.039793502300540018e+00,1.050274197614879945e+00,1.070601796241400061e+00,1.138807684568110101e+00,1.529155594934030082e+00,4.998974921121069892e-01,8.416622464708020113e-01,1.056325013594830109e+00,8.855018573072579446e-01,8.198121835040389493e-01,7.728672836789269862e-01,1.656301968763290056e+00,2.111943919157449834e+00,1.847385123301430010e+00,1.760097324148730102e+00,1.716422270007579964e+00,1.742398454803159913e+00,1.780823894380969996e+00,1.822743596190119941e+00,1.888672887872079986e+00,1.900283407035540106e+00,2.025653135226439971e+00,1.901142748833879903e+00,2.079373932796869884e+00,1.783921286106449955e+00,1.349731893674630090e+00,1.120125745449829902e+00,1.014547321135649938e+00,1.020582768449930011e+00,1.062685047990159948e+00,1.118106657111459956e+00,1.188105556707810040e+00,1.237583683903199949e+00,1.264584651018840100e+00,1.302514614701659967e+00,1.339359027066219898e+00,1.416911731520229978e+00,1.573767444406970029e+00,1.611970711730150052e+00,1.732513254282949999e+00,1.887301541272349947e+00,2.123519119262879951e+00,2.363646962932139939e+00,2.619641694974060186e+00,2.558023848467390060e+00,2.015272112833789819e+00,1.858451401742750031e+00,1.017306880589180063e+00,1.354531680437240038e+00,6.576270485847249825e-01,5.527589600633520117e-01,7.400516169764610463e-01,8.920433900865609722e-01,1.013058347174599971e+00,1.182658407259300049e+00
9.582552047597520106e-01,8.818949000267110039e-01,8.684556741716109585e-01,8.816329372774549533e-01,8.960779633814980327e-01,9.009126862684889714e-01,8.858108968752490542e-01,8.642981732210609502e-01,8.580260693910150005e-01,7.180217067345769921e-01,9.765285446146350079e-01,1.291729004307820006e+00,1.184839215790679967e+00,1.144427258952090076e+00,7.514556412693019771e-01,6.991591995653060332e-01,1.863253578839779934e+00,1.658249909326360072e+00,1.603221249495569989e+00,1.617374375560099997e+00,1.645146421251320046e+00,1.631477459710229949e+00,1.613831317561319922e+00,1.494947229634129959e+00,1.295492644926669934e+00,1.113822991505750037e+00,9.919762442220919629e-01,9.311072697995670389e-01,9.402904750854720328e-01,9.723260640571289581e-01,9.811468290841930395e-01,1.029695765985179978e+00,1.109784105680329924e+00,1.147875587107080042e+00,1.191409107538069945e+00,1.246262749337520015e+00,1.340900249623210083e+00,1.411674219768179972e+00,1.477132700205340043e+00,1.554941895259309925e+00,1.666434139971529893e+00,1.796789481825459944e+00,1.900674393789590022e+00,2.016459023798459871e+00,2.106233895308390114e+00,2.178707824687499794e+00,2.237555045683170096e+00,2.048844720912040174e+00,1.734091576415089930e+00,1.438165821444779890e+00,1.019598220265909960e+00,1.003133107213040054e+00,8.202894105568609984e-01,1.079909755349069966e+00,7.403867718775239970e-01,8.342603494068620007e-01,8.100812296432090553e-01,7.047188573745329920e-01,6.552607005612770541e-01,5.093497927553860549e-01
1.068690567716370055e+00,1.069755522324560060e+00,9.569190368389579593e-01,9.740910650755320033e-01,9.987812111757320421e-01,9.998171243472240288e-01,1.001231827468149982e+00,9.744238377282929964e-01,1.000488195523919988e+00,1.017857992198700101e+00,9.221231131792549940e-01,1.129854740228559917e+00,1.062544715845050058e+00,1.152013348106980084e+00,9.447071473445249890e-01,1.835399288655310102e+00,1.746702117212260097e+00,1.631188439758169961e+00,1.489736676256750103e+00,1.604348354753369899e+00,1.584080879993140067e+00,1.569688835360659951e+00,1.534406422070019982e+00,1.660528968189330046e+00,1.841377111511439901e+00,1.536971271674449913e+00,1.715592205602159970e+00,1.421470086134920097e+00,1.315349134612499915e+00,1.126963959855300068e+00,1.073546770278339890e+00,1.104508232519969990e+00,1.141812871414350061e+00,1.179091693628939952e+00,1.207782333496890015e+00,1.250688704566480070e+00,1.294800486404519946e+00,1.369376168935849902e+00,1.433888269297250107e+00,1.480976197993260079e+00,1.523081685139819896e+00,1.693723414579479947e+00,1.867264797239430063e+00,1.996069023180879975e+00,2.171249826652919879e+00,2.463975592080339894e+00,2.907325359416530031e+00,3.327562112821150109e+00,3.438549305122879929e+00,2.859042229522569922e+00,1.474453107805580032e+00,1.271128792874389957e+00,7.431482906234809782e-01,1.311506223054959897e+00,4.979812576666189927e-01,5.404192202525629485e-01,7.832928959247159595e-01,9.596770721344409782e-01,1.032962848527160027e+00,1.175553708622699922e+00
9.029073535452609711e-01,8.489824506115639657e-01,8.147601330768200478e-01,8.331414003324679740e-01,8.509696749425019746e-01,8.619473957668269959e-01,8.648266872693589624e-01,8.672514779164719467e-01,8.852398100391539737e-01,1.020564642860829929e+00,5.811160780704279771e-01,8.560871164618549800e-01,9.611925355223950307e-01,8.999315229256770188e-01,7.137701265350300250e-01,9.099287532307620552e-01,1.999127985782120032e+00,1.695120331180840045e+00,1.593287033407970066e+00,1.572519908530759958e+00,1.539836014131150010e+00,1.686094497741029929e+00,1.718064266482780100e+00,1.758102448856180056e+00,1.795103939868819998e+00,1.784961373429660103e+00,1.439348746198640061e+00,1.573020741223100094e+00,1.347902978962020049e+00,1.108536942947569992e+00,9.661509947145879851e-01,9.143234825017899636e-01,9.281666357907429887e-01,9.822306400938419779e-01,1.051000129977059938e+00,1.199174341199439997e+00,1.311156616679709952e+00,1.386845255224850026e+00,1.432770688902669898e+00,1.479874768475119895e+00,1.541090645348299981e+00,1.639642689587329949e+00,1.730296925905520089e+00,1.851219759047949998e+00,2.026962427934969835e+00,2.214877620781280143e+00,2.380199595490620101e+00,2.245810460018310195e+00,2.013586404235669924e+00,1.733192590351039897e+00,1.203209346494529930e+00,1.168197522244259989e+00,7.439310876469690248e-01,1.190858691123370061e+00,6.080977691539409813e-01,6.954154970087490506e-01,8.541736505713209970e-01,9.117709426660489669e-01,1.081279790051459910e+00,1.076184266308819915e+00
8.938505925220040504e-01,8.478276524992860441e-01,8.125524485981170386e-01,8.138093193209340326e-01,8.396660128490790465e-01,8.172319489280589488e-01,8.054126635635110443e-01,7.285283356076319716e-01,6.011467444050619946e-01,1.594961814798230071e+00,1.341175918321660054e+00,1.225181580826850025e+00,1.108871383977320102e+00,9.174774042120670270e-01,5.871628150921349709e-01,4.765217708684260089e-01,2.021290617660929989e+00,1.726766060127910007e+00,1.527209620305779891e+00,1.400109261278779993e+00,1.167047798410379977e+00,1.045923789949610105e+00,1.103699413966310106e+00,1.093161867135159948e+00,1.137518945094230016e+00,1.232384627763450036e+00,1.256508072077910043e+00,1.246520340684130090e+00,1.226867807339449890e+00,1.149379073553520092e+00,1.084344078625679941e+00,1.097029186008269930e+00,1.168621163201480018e+00,1.237456918782460003e+00,1.291706013924529994e+00,1.360959299331480077e+00,1.494109432545799976e+00,1.538198253594950105e+00,1.633120999272380081e+00,1.756463633626980103e+00,1.958934453524300068e+00,2.181745387866179886e+00,2.460521023694909992e+00,2.705054396828320051e+00,3.055370642534879888e+00,3.278851868331699837e+00,3.294520792237999984e+00,2.484878929270620151e+00,1.663517765997249986e+00,1.069363894753829980e+00,7.020431449436299598e-01,6.741233014081979835e-01,5.008718495860700060e-01,6.754365720011139551e-01,4.644508465578869871e-01,5.365221123166370454e-01,5.001311930124170413e-01,4.523864572480549850e-01,4.384983123822540074e-01,3.774811884019180219e-01
9.414828443729630347e-01,8.666450204845520533e-01,8.496725878908090168e-01,8.685722679187319883e-01,8.809622525152770445e-01,8.944926130083019622e-01,8.753686145135299856e-01,8.567672075570500478e-01,8.124037368447899476e-01,7.881000018001780294e-01,1.433633783805920103e+00,1.136277278433839966e+00,1.088754380159179913e+00,1.007692447396520086e+00,7.373754596241189896e-01,7.132516375643900286e-01,1.712357397653130109e+00,1.602936773433099926e+00,1.528579224268419967e+00,1.550560755369819965e+00,1.454476180042179934e+00,1.603176046493719920e+00,1.617037333940329891e+00,1.491045701383169941e+00,1.385100253716119889e+00,1.237636204714299915e+00,1.210888627086450064e+00,1.063138675232699892e+00,1.059360847165599973e+00,9.401485296135979608e-01,9.038699016610149961e-01,8.882221256879140325e-01,9.438158629162000102e-01,1.006197563714019916e+00,1.054350133781549959e+00,1.128353963365980039e+00,1.218016785629729926e+00,1.290503517945940093e+00,1.354680247694310058e+00,1.436145671189480000e+00,1.529051474975670066e+00,1.672318141921040002e+00,1.805065751629729931e+00,1.921238632302799898e+00,2.243676724738910000e+00,2.559018278527759982e+00,2.912445517008340090e+00,2.545723173813549955e+00,1.808988521988349918e+00,1.275066570468839977e+00,7.219751587419640515e-01,6.873003569828579629e-01,4.431576204402830066e-01,8.116519410884820429e-01,4.952155889003619915e-01,6.947017728158120242e-01,8.354925382627419461e-01,8.362947309933630446e-01,9.640452784317340429e-01,8.867375099473659983e-01
9.602786154567749533e-01,9.845438294923779532e-01,8.680347794962289809e-01,8.726183683671420166e-01,8.893659213057859558e-01,9.011621581933999536e-01,8.721390645413199527e-01,7.727328339156069870e-01,1.057433571718620069e+00,1.088375697008820087e+00,1.202016330032029900e+00,1.366012958446130021e+00,1.206342029843529895e+00,1.276478857015320045e+00,7.972471761770220100e-01,1.135142019688150095e+00,1.735775808014619948e+00,1.548352129380460074e+00,1.513544721390400083e+00,1.334751246277980030e+00,1.089829128387850066e+00,1.028269153947680037e+00,1.108385257537400026e+00,1.132596717412420073e+00,1.212503993216639930e+00,1.137759125886449896e+00,1.169583038753509996e+00,1.144525010108069951e+00,1.203245350676420022e+00,1.251603723869969986e+00,1.236962830603840047e+00,1.282323165552079924e+00,1.331895310545470057e+00,1.384074693653849941e+00,1.417747369823830095e+00,1.497818877942320048e+00,1.617046686439699954e+00,1.728788606875379941e+00,1.816929386159219950e+00,1.983370014908669932e+00,2.133581419092870135e+00,2.318364510689970182e+00,2.561096592769410041e+00,2.663927478488870015e+00,2.752009401098579833e+00,2.446818979996610022e+00,2.222048440550509874e+00,1.984848212327869899e+00,1.483434392998240092e+00,1.109103722729249952e+00,7.683781988501749982e-01,7.296740098446149458e-01,4.750602066875639906e-01,7.037470125343570082e-01,4.271881986612799942e-01,5.589470117037510510e-01,5.220762224708670463e-01,4.701030875732399861e-01,4.999760583701080008e-01,5.250357323093209905e-01
1.061510265601480096e+00,1.106572254766799990e+00,9.548357134868139529e-01,9.677798267297119672e-01,9.796568785739020457e-01,9.749262860810440356e-01,9.290201741618739906e-01,8.247291406254529944e-01,6.397437141075059674e-01,2.797892401918970151e+00,1.339731217228109950e+00,1.441192522429249889e+00,1.298162965287589898e+00,9.326662432907529832e-01,6.619598583076800047e-01,6.681339523509589595e-01,2.278019721388880203e+00,1.832900344994800035e+00,1.582891266959659982e+00,1.429246790166819991e+00,1.121780347377399956e+00,1.189127679948140059e+00,1.231676154869590034e+00,1.274547523385070047e+00,1.319775171816379933e+00,1.346573528076040027e+00,1.330775435792840078e+00,1.330322586902709991e+00,1.411318070679929981e+00,1.362772781807960021e+00,1.347890724694629894e+00,1.358524599249699927e+00,1.393369793840329995e+00,1.443970655907389933e+00,1.475587316566810081e+00,1.544682621393989930e+00,1.652437340695140033e+00,1.760849601804250097e+00,1.868748413347270043e+00,2.062137622593620101e+00,2.272263549504700109e+00,2.595946801797730075e+00,3.014369718853440183e+00,2.843710114239350162e+00,3.854035128712809843e+00,4.450628084565799725e+00,4.330873784630210110e+00,2.913861975280589878e+00,1.794596610171949935e+00,1.224843590308440033e+00,6.772999861981400249e-01,6.412558553560909758e-01,4.387020114902829837e-01,8.755764148496679722e-01,5.510762309496769484e-01,8.483492882426080239e-01,1.046036597983609928e+00,1.012485742591999971e+00,1.111664108255129957e+00,9.259007167229359458e-01
1.030200627152519921e+00,1.008449324781750089e+00,9.401687063044640302e-01,9.737648269236790499e-01,9.962067859343749499e-01,1.028019468197280073e+00,1.033139419105119972e+00,1.065857855858729941e+00,1.119144271672009916e+00,1.235277637484260005e+00,1.400627704286449893e+00,7.126143137569940222e-01,7.743892183475209468e-01,6.286459615917889820e-01,4.744386896054180180e-01,5.210252114932749645e-01,8.286293976466300171e-01,2.008208276024949779e+00,1.869103354669380046e+00,1.747555608330229937e+00,1.631466276195089993e+00,1.665545948557799916e+00,1.686035288440570046e+00,1.719397490811569895e+00,1.766452742895660011e+00,1.832610760116700099e+00,1.909542342011089966e+00,2.003870219753789872e+00,2.132270919481590088e+00,2.331043109726029794e+00,2.523087425720830002e+00,2.679823544992289808e+00,2.321576015113150149e+00,1.759054608073149950e+00,1.316047155777289923e+00,1.079160641435310097e+00,9.666251333388680145e-01,8.383420477787040248e-01,9.918905780292519569e-01,9.946391291074150320e-01,9.707266481654720502e-01,9.744383382619939971e-01,1.003003858060580011e+00,1.084931759806949891e+00,1.066932960625700089e+00,1.176477058294780109e+00,1.294578927247290068e+00,1.408743955422190108e+00,1.519503538675690102e+00,1.608980331642430039e+00,1.581861621833869913e+00,1.689906999426060041e+00,1.295664199445599962e+00,1.688600559345230012e+00,8.991632257978710019e-01,6.275576187519960047e-01,6.333056900411200285e-01,6.770861707107449501e-01,8.017076172239909759e-01,9.403693527951100251e-01
