1.033321954293159983e+00,1.048370952764730024e+00,1.041792964224270035e+00,1.041474877745639960e+00,1.045880620721340026e+00,1.053924719207270044e+00,1.053398783188759902e+00,1.053962869574710082e+00,1.059559165087329946e+00,1.087515661164250025e+00,1.044385942299359993e+00,1.032161580828820036e+00,1.036089999505140025e+00,1.031714153109239973e+00,9.704612891588709767e-01,9.144771616189519836e-01,1.205183734293830078e+00,1.146162478277249930e+00,1.128005337357870008e+00,1.116783315633339990e+00,1.107201632206390007e+00,1.098956270638089983e+00,1.093034343079759996e+00,1.102076582527030002e+00,1.118960695995740107e+00,1.114635729894329907e+00,1.077167590759620097e+00,1.058543352392179893e+00,1.056042725158220064e+00,1.048993087620819997e+00,1.051545686602820107e+00,1.055437045946910013e+00,1.061113178942840074e+00,1.069608923662650035e+00,1.077232386729940039e+00,1.079772136630779977e+00,1.086868728557679908e+00,1.088336640003970013e+00,1.083740432218200045e+00,1.085089110177720029e+00,1.082117905238189959e+00,1.082052433894179932e+00,1.081367630390410062e+00,1.079835770593539968e+00,1.073256991044529984e+00,1.066178090183240057e+00,1.056379190030620085e+00,1.045779016431130026e+00,1.025786681427170111e+00,1.009335774728330026e+00,1.051754728352509938e+00,1.051198185977670008e+00,1.388991803798669933e+00,1.204070583855560095e+00,1.579516233156869953e+00,1.511522044594540093e+00,1.324188088037510092e+00,1.227497337240649911e+00,1.125446067837500008e+00,1.056548222223149924e+00
1.066024326829940083e+00,1.083875233615009925e+00,1.071181827786179985e+00,1.070638630154649995e+00,1.075367143003820081e+00,1.084209076192889976e+00,1.080291715561310095e+00,1.076647440883480078e+00,1.087157112812140003e+00,1.030769228758700029e+00,1.087010273373119951e+00,1.098477732511280003e+00,1.086460359830710098e+00,1.071063668545209957e+00,1.016343029401880038e+00,1.018434030799810097e+00,1.216304279739830019e+00,1.172457187547409907e+00,1.161514770423710097e+00,1.152210918421010089e+00,1.139238459103760093e+00,1.130660189110509917e+00,1.133639177480050053e+00,1.117685086503279912e+00,1.090010756805440018e+00,1.082049603756370049e+00,1.085687396885439915e+00,1.092807665164750031e+00,1.103404908821489894e+00,1.110278271291549990e+00,1.116066586010640016e+00,1.121941858081880072e+00,1.125325664993509944e+00,1.128239001473839931e+00,1.131304386726599942e+00,1.132655435841279923e+00,1.135297591662749905e+00,1.135871480263199951e+00,1.132464047190880008e+00,1.132964570885939937e+00,1.128846634904179913e+00,1.128603633876329893e+00,1.125545237157050016e+00,1.124200908539489951e+00,1.118699200700739915e+00,1.111427071853199999e+00,1.098381593259629918e+00,1.090371282024269917e+00,1.069410929534869936e+00,1.043241143821519890e+00,1.093095575708989964e+00,1.068991013454450023e+00,1.334498004285779915e+00,1.228914875345840096e+00,1.769191462262339920e+00,1.735733786624130026e+00,1.610260882046959940e+00,1.491264391551929913e+00,1.371902838637359956e+00,1.198251134596320044e+00
1.089846127181999913e+00,1.111081962335229933e+00,1.097909244625860037e+00,1.101180283796920012e+00,1.107144817891619892e+00,1.119885983940489993e+00,1.123823192148680095e+00,1.134602776651089995e+00,1.176639158647700079e+00,1.313546601259010016e+00,9.230157522879449683e-01,1.041332534093359907e+00,1.036577942413299924e+00,1.038418200691900051e+00,9.605264380041570460e-01,9.401732709231349627e-01,1.330955323687530001e+00,1.235137058455229919e+00,1.203877148359939975e+00,1.183443608635120103e+00,1.149405059619319935e+00,1.106587256402769892e+00,1.069184969258550000e+00,1.045238956401669972e+00,1.032994153975709928e+00,1.031457108968049985e+00,1.063467721886820039e+00,1.076372909570489922e+00,1.101714338036579921e+00,1.113187099941510105e+00,1.120889618790219977e+00,1.120357756559140050e+00,1.117282141226290104e+00,1.112800490742859916e+00,1.111653610677290072e+00,1.106185705508309969e+00,1.105569158231989979e+00,1.101708173241960020e+00,1.092714112663579984e+00,1.085262766250520095e+00,1.074921873455479959e+00,1.070630580893149997e+00,1.058539357953770077e+00,1.052440717713750029e+00,1.033560852767579918e+00,1.017433965888749903e+00,9.923538790787940211e-01,9.756531122515690324e-01,9.691398985311460157e-01,9.702573699264700480e-01,1.133802365141340029e+00,1.107552443589969959e+00,1.255062745273100022e+00,1.140906023239729894e+00,1.430396958441439992e+00,1.442826089427369896e+00,1.369931169490520073e+00,1.320024978507059910e+00,1.253749866776729949e+00,1.196220645987650100e+00
1.129750133446800087e+00,1.142039539288369987e+00,1.141194547097329925e+00,1.140202845907809959e+00,1.148010677432200088e+00,1.157105097369840019e+00,1.155553127155219961e+00,1.156251166472219927e+00,1.161967261210850033e+00,1.179913445682009954e+00,1.204888831294520068e+00,1.118532571783489971e+00,1.100205985462350045e+00,1.120707842221650097e+00,1.087771088199950054e+00,1.033605588512150009e+00,1.303727175018640105e+00,1.252857096745499943e+00,1.239108638883120062e+00,1.219600840461809943e+00,1.228235560167449947e+00,1.226539449723720088e+00,1.224838097184929975e+00,1.219501969693000065e+00,1.209380294049390070e+00,1.213999610331879975e+00,1.203228680178199950e+00,1.179033525131510052e+00,1.164875430745899942e+00,1.161548614000569968e+00,1.165874523697610021e+00,1.165105580972680022e+00,1.174735010551599901e+00,1.183942125145700075e+00,1.191202125505419929e+00,1.201196988369150009e+00,1.210567610365629987e+00,1.225192729069410014e+00,1.229315097156250092e+00,1.235799702888570106e+00,1.245263933397610101e+00,1.248906055739779974e+00,1.255299583753290094e+00,1.251407662133869891e+00,1.248734625142619903e+00,1.236722958548589935e+00,1.228240754674319923e+00,1.219312188944819964e+00,1.206877696177429904e+00,1.192262438251209922e+00,1.301119793357460086e+00,1.294966893105329975e+00,1.363666812296489894e+00,1.276859062185280003e+00,1.364639237295570018e+00,1.307296277029899922e+00,1.259097658251870033e+00,1.223728216866470042e+00,1.184813199047739962e+00,1.162491600017079962e+00
1.037191947835089945e+00,1.043431149675450031e+00,1.035318289259020030e+00,1.036182579156980088e+00,1.042052194360959971e+00,1.050339055165089963e+00,1.056206989874010072e+00,1.055609337761389988e+00,1.075133958516470090e+00,1.092747040577950024e+00,9.673985782556210333e-01,9.969734315363639743e-01,1.007038957416239944e+00,1.025589095448300014e+00,9.618081262937520082e-01,9.684003478034489687e-01,1.143879928767139953e+00,1.103846283057839939e+00,1.091632228708959929e+00,1.083699387133350012e+00,1.075079311187669973e+00,1.067155042900000073e+00,1.073110082931050036e+00,1.069280399547549942e+00,1.074617208832489901e+00,1.080322326838669911e+00,1.069242648160710019e+00,1.061647067412530010e+00,1.063289259150119959e+00,1.066469271871149926e+00,1.073514680235029939e+00,1.079779277884060029e+00,1.083677198010039922e+00,1.083851867785440071e+00,1.086083426994169931e+00,1.087039313598840096e+00,1.089329556400280063e+00,1.089921288446809911e+00,1.088525882886760110e+00,1.086065903432470003e+00,1.085177612473920084e+00,1.085367643929169956e+00,1.086105913663750089e+00,1.085235988310409905e+00,1.076878080125190040e+00,1.073037915670699949e+00,1.065804303684849907e+00,1.058027244484990081e+00,1.043647184356709889e+00,1.031592185454399901e+00,1.036348791112140066e+00,1.052124092197999961e+00,1.179554057472850026e+00,1.128463466096949919e+00,1.442328600971749974e+00,1.523218234895610035e+00,1.454462013200300108e+00,1.378073271389469889e+00,1.337052698136820039e+00,1.200593286585909913e+00
1.113831420237789915e+00,1.117441437634629997e+00,1.114006367311699996e+00,1.113698943052769952e+00,1.119799881754419912e+00,1.128833116085790067e+00,1.130194598083080093e+00,1.127110694489400045e+00,1.138149035223400052e+00,1.169857499651109967e+00,1.057392320364560101e+00,1.083690086073340053e+00,1.096673908826599986e+00,1.098994210514040004e+00,1.037582619999309896e+00,9.814862482748549777e-01,1.269053168195670045e+00,1.202574538369749924e+00,1.184675475846290071e+00,1.171150682941249910e+00,1.167486556044889934e+00,1.164492126187310017e+00,1.153242854310730037e+00,1.142845117904919938e+00,1.144632838406620001e+00,1.136170232906799971e+00,1.130752753433130087e+00,1.131630827052920063e+00,1.137418435185580057e+00,1.140864845050189924e+00,1.148013333615020004e+00,1.158157145857710013e+00,1.165153679944419984e+00,1.171229034482329956e+00,1.171659232141559981e+00,1.169693788450449912e+00,1.169746468744609968e+00,1.169472306749300028e+00,1.164625880663060054e+00,1.162523216425680017e+00,1.162778800862990014e+00,1.158394371152619895e+00,1.158477388881850034e+00,1.154315086280029989e+00,1.152633210615050086e+00,1.146363823296280060e+00,1.135502864967349979e+00,1.128100770466939906e+00,1.111653095770229971e+00,1.099831757199239979e+00,1.123035174776680023e+00,1.112798133001750012e+00,1.256180228336720051e+00,1.200695468840289992e+00,1.483632957900820060e+00,1.619350917673630041e+00,1.570398690195049962e+00,1.494828388712120093e+00,1.465912495996589904e+00,1.233118296472359932e+00
1.144515774869000024e+00,1.153706943111920014e+00,1.137183202175719998e+00,1.129494840826769986e+00,1.121972433463040097e+00,1.118196274051679984e+00,1.104498534138059984e+00,1.079929719292040069e+00,1.073090538789450044e+00,1.093793888358659983e+00,1.010600537958739942e+00,1.009338074409100061e+00,1.002937048990780067e+00,9.756199359156809692e-01,9.008512876722170049e-01,8.821406715605939475e-01,1.129124497088269896e+00,1.069346612694580090e+00,1.037668599381670109e+00,1.014442871968759929e+00,9.921718162192399992e-01,9.823209340126709543e-01,9.779008160994899779e-01,9.620656187378080482e-01,9.302534945689580059e-01,9.361258569720010136e-01,9.080765135262499621e-01,9.029762913041460282e-01,8.775703360504869543e-01,8.773692036988469667e-01,8.339177590918760430e-01,8.308489396053070353e-01,8.139695458088930247e-01,8.091634248908780025e-01,8.051946742299600501e-01,8.079173698609940502e-01,8.116070786758889932e-01,8.269428350560680263e-01,8.250621999080669511e-01,8.245447741336799918e-01,9.782512413114069494e-01,9.678994662109500213e-01,9.621974225387840418e-01,9.569709291654679983e-01,9.505648737196720210e-01,9.436534120064480335e-01,9.326655513960420141e-01,9.235719987457510216e-01,9.115104052399719547e-01,8.942543678023650022e-01,1.462951188034909977e+00,1.449774911712129910e+00,1.657357715737030057e+00,1.578636462275730068e+00,2.062569353921670068e+00,2.157635922631610192e+00,2.060260204964699859e+00,1.943566046651499901e+00,1.895144998895500033e+00,1.609301150577949979e+00
1.090778493945260053e+00,1.100929732007539963e+00,1.094330171144439978e+00,1.095194394753010059e+00,1.101270472770180087e+00,1.111107422846719928e+00,1.111393589340520016e+00,1.109442063137489942e+00,1.125082786971419946e+00,1.047888865081280096e+00,1.051533426619799982e+00,1.093640280834210055e+00,1.096415556698840055e+00,1.094811800908749966e+00,1.033774401226430051e+00,1.032555597901640088e+00,1.224465315840199908e+00,1.179603807580539954e+00,1.165368960848760072e+00,1.154254967877440086e+00,1.133036992217040018e+00,1.121104478773740087e+00,1.136478515054129890e+00,1.140852565273489994e+00,1.135822141288610032e+00,1.129671863298939982e+00,1.120493132760310040e+00,1.137021090275939894e+00,1.128099385232459895e+00,1.130920473539059889e+00,1.134002710329329977e+00,1.135534814747519938e+00,1.137967222409469903e+00,1.137105141998870028e+00,1.137925541765089976e+00,1.137868415532419908e+00,1.139569431802210042e+00,1.141348512840949958e+00,1.137490930642979903e+00,1.135011740459149987e+00,1.135565127542299990e+00,1.133576664989470073e+00,1.130104649013699891e+00,1.127850687554140086e+00,1.120417160828429903e+00,1.112893546268419964e+00,1.093309619150750089e+00,1.080389971465739896e+00,1.054035898616769940e+00,1.038113372245740074e+00,1.086829921725350090e+00,1.083018262466820092e+00,1.381771752880760040e+00,1.270689006612190086e+00,1.671788437776279945e+00,1.563201828213979905e+00,1.452317852634209983e+00,1.377239530693280090e+00,1.319884563532190080e+00,1.168968204355470109e+00
1.103210198941269926e+00,1.119130947279860067e+00,1.105092073677049980e+00,1.105806825410990069e+00,1.109229834611960008e+00,1.116782795535959938e+00,1.116172658341050061e+00,1.114681237906490097e+00,1.127098528980150061e+00,1.131072602917309933e+00,1.043624568272830011e+00,1.092403041450259904e+00,1.096184696078309928e+00,1.087559124657109910e+00,1.028257865711460051e+00,9.818256608061629587e-01,1.246024413512240026e+00,1.188258654333040010e+00,1.171258225383809970e+00,1.160211925858140036e+00,1.146573709059810042e+00,1.131491775449340098e+00,1.140891541156719979e+00,1.146305471681339894e+00,1.145292546472419959e+00,1.145319548221459982e+00,1.123069805430390034e+00,1.109977641500669909e+00,1.112472259418799903e+00,1.119503938007720079e+00,1.124338597875409906e+00,1.140789816319730088e+00,1.141668302775610044e+00,1.149695646937120008e+00,1.145196124564070050e+00,1.142229467631850071e+00,1.145959467250629915e+00,1.145454142882279980e+00,1.141401564857930095e+00,1.140369240205959978e+00,1.134875504373499933e+00,1.132098724202279971e+00,1.128737419626129945e+00,1.124041207795150044e+00,1.114777460553389998e+00,1.106460940996109921e+00,1.089918587832799934e+00,1.077547436699860084e+00,1.054637833570059913e+00,1.041912688600650005e+00,1.107456944540470056e+00,1.103044671100690044e+00,1.424915759689380002e+00,1.243410520035060030e+00,1.599192611123360086e+00,1.586500861162650100e+00,1.487600427170870043e+00,1.406438843011750039e+00,1.343177144469970052e+00,1.188683754060289921e+00
1.072727193172120064e+00,1.100070228760569924e+00,1.084318708535729980e+00,1.084294857564799930e+00,1.088438279000170095e+00,1.095996956791849941e+00,1.089522767679540038e+00,1.080217345771300019e+00,1.063198975672549951e+00,1.146153713430970056e+00,1.146160760096069930e+00,1.149227809718029958e+00,1.133787346076210012e+00,1.096309411716329896e+00,1.049513992976569998e+00,1.063872788962689997e+00,1.249902346463559910e+00,1.200532127190909959e+00,1.198175319412009943e+00,1.183843315832429965e+00,1.163694244543070022e+00,1.142405734662889971e+00,1.127855303460989944e+00,1.121813977899279946e+00,1.122246438954050074e+00,1.130362151662110071e+00,1.131626424065419911e+00,1.138351560426889897e+00,1.147094623127189905e+00,1.150059679364620058e+00,1.155344970095059987e+00,1.158871864973840093e+00,1.161068870578340073e+00,1.162369092539500048e+00,1.167482466710310085e+00,1.167546192310390030e+00,1.171798121197809905e+00,1.173206019193850036e+00,1.171155624983239996e+00,1.169192762580760103e+00,1.168766316143829975e+00,1.165423429363779961e+00,1.163453685032590057e+00,1.162320480503999942e+00,1.157661932526750093e+00,1.150695656753830010e+00,1.138641461829229984e+00,1.132658904412829903e+00,1.111521443213949967e+00,1.093011335083940105e+00,1.223533042069850030e+00,1.228837288490080004e+00,1.630617067797170083e+00,1.470607600416449889e+00,1.819307750268289947e+00,1.759446465370180013e+00,1.662899649054770057e+00,1.565302873074239987e+00,1.470921451090859922e+00,1.228041942723899993e+00
1.115323642020279893e+00,1.125682479475379916e+00,1.118191946998799979e+00,1.120013570432129901e+00,1.125071268699940008e+00,1.134464135037460020e+00,1.135050201685620097e+00,1.135339492772380110e+00,1.159779726388640020e+00,1.037104237420229946e+00,1.071968571256890046e+00,1.121072711677989941e+00,1.118564264164680022e+00,1.098995404257550046e+00,1.032827614143390083e+00,1.015810597034799923e+00,1.269005106320040044e+00,1.213230064001799891e+00,1.197180297553940065e+00,1.180618763029549934e+00,1.167739856513819952e+00,1.148688501195519907e+00,1.138667909037410109e+00,1.141796811483920093e+00,1.131221181835160072e+00,1.126858968117609994e+00,1.124567276489059964e+00,1.126408370497300027e+00,1.144440745541289939e+00,1.155922332185749912e+00,1.157237242155700008e+00,1.158475792874019916e+00,1.158596106070650000e+00,1.157474211985140000e+00,1.157652540269169972e+00,1.158222727455239909e+00,1.160149547630139999e+00,1.161832058711010029e+00,1.155680470771000001e+00,1.149325483482039889e+00,1.144256745578130063e+00,1.142608047357819956e+00,1.132343849884160036e+00,1.124977704375980103e+00,1.116696951945840066e+00,1.111803373879570067e+00,1.109179130142389891e+00,1.131755632639549924e+00,1.168495067423410028e+00,1.165214245366090084e+00,1.253229691922999933e+00,1.244466948456079969e+00,1.251903138179129904e+00,1.189084346941539971e+00,1.302508993985399988e+00,1.241265949460000018e+00,1.205659434612829983e+00,1.173613265025859942e+00,1.130808991562300081e+00,1.077141126088599909e+00
1.007318296667099933e+00,1.021785373536240105e+00,1.013721063514670062e+00,1.012531288396149920e+00,1.015597827641760098e+00,1.023123421529279931e+00,1.021745071192800003e+00,1.020942652397029971e+00,1.026886671595319989e+00,1.092370239282040023e+00,9.802306276123360362e-01,1.024227704884280055e+00,1.024966541955540045e+00,9.918292465794069646e-01,9.275570525435939961e-01,8.888680643277110383e-01,1.198675149039420074e+00,1.132619117891829896e+00,1.114824768710600100e+00,1.101169095241739893e+00,1.070648405995900054e+00,1.044675813294720035e+00,1.050697156361680040e+00,1.024706768302910076e+00,1.035606786708100024e+00,1.050435429650250052e+00,1.035429835285269995e+00,1.032178880914430108e+00,1.037656898427570029e+00,1.043489534381260020e+00,1.050147688863970030e+00,1.058673662903850010e+00,1.064005793335980110e+00,1.066223450772719961e+00,1.069022545722789985e+00,1.067610739799939923e+00,1.070821660066580083e+00,1.071476926228829951e+00,1.066052793926349995e+00,1.063230604313929906e+00,1.061124562617260070e+00,1.060312122895640030e+00,1.053370954393489933e+00,1.050535774026430058e+00,1.043315806376089894e+00,1.034785838836209892e+00,1.014704998465469910e+00,1.000041234578010085e+00,9.746434978938639526e-01,9.688920536874410239e-01,1.115526153071640048e+00,1.124842217896319996e+00,1.433506919186869899e+00,1.182127418129250040e+00,1.458077647327199911e+00,1.351222813615349905e+00,1.259733481539790034e+00,1.211993780634530005e+00,1.162413676466750090e+00,1.113398885680660033e+00
1.123248780614489961e+00,1.140614573417940036e+00,1.128066043664240015e+00,1.130280222605110074e+00,1.135947256732440014e+00,1.144244776589979917e+00,1.140619660828519955e+00,1.144193551699010047e+00,1.147233328663360030e+00,1.156680298025019926e+00,1.197968528290960011e+00,1.153288407891930101e+00,1.140847420148269897e+00,1.134142672560749965e+00,1.054525039716279977e+00,1.029324321018340038e+00,1.238133862346340042e+00,1.279252345121020040e+00,1.233005968469929936e+00,1.219852130749389918e+00,1.215652653866710065e+00,1.193952806388379972e+00,1.174855149570960045e+00,1.156188136868679939e+00,1.144098023831179978e+00,1.145123599906560097e+00,1.154238120525169942e+00,1.153215314519220103e+00,1.164230744142070062e+00,1.168005473257069937e+00,1.166499861998359977e+00,1.183834366955980100e+00,1.183357251672020105e+00,1.179577651212180056e+00,1.174908805562109970e+00,1.172690431520690080e+00,1.174986966838730051e+00,1.174520517598840019e+00,1.173547687425410047e+00,1.175567512309390050e+00,1.169045417020279976e+00,1.172780813921219911e+00,1.170544696278710051e+00,1.173015479264370109e+00,1.165126348004920098e+00,1.160699727764320066e+00,1.153116020229890015e+00,1.148799785536180007e+00,1.135809987494369899e+00,1.123088613525800028e+00,1.154035605954049970e+00,1.160641011906270004e+00,1.275890035857349947e+00,1.240458220358249930e+00,1.523000527361860090e+00,1.672254124047130031e+00,1.629063995923839991e+00,1.557148523967250009e+00,1.511249781116680069e+00,1.392077732738099982e+00
1.142743138519709989e+00,1.166242890294310053e+00,1.137108237681599965e+00,1.140196589824070017e+00,1.147127468330390032e+00,1.155873576835350081e+00,1.154080815994990017e+00,1.152305965139309940e+00,1.157472487176639975e+00,1.167547969425599907e+00,1.161813071280950016e+00,1.140871351523010002e+00,1.130728975982419948e+00,1.071592710858739972e+00,1.085271859360340097e+00,1.046699047399139992e+00,1.148877378756490097e+00,1.283442331551269966e+00,1.245497738844999924e+00,1.229936521683349993e+00,1.220201638102260011e+00,1.216067427174239990e+00,1.215113448353239978e+00,1.213591830432640073e+00,1.204563679344800020e+00,1.201309695489980012e+00,1.193212812783440047e+00,1.179774656989299952e+00,1.189341705896090007e+00,1.185316044899989985e+00,1.178556138237280004e+00,1.177911902399259914e+00,1.178978282217530094e+00,1.184781891017099964e+00,1.183907957402049904e+00,1.191082083006770098e+00,1.199464496466720043e+00,1.201549383999019893e+00,1.199206120369390005e+00,1.198795401859140020e+00,1.199012939622819962e+00,1.201057295863229957e+00,1.197768767652630073e+00,1.197973572852409907e+00,1.200511912959780103e+00,1.192693807562239972e+00,1.187461870858659951e+00,1.183586688266450082e+00,1.176558509134040031e+00,1.165484979135700039e+00,1.173880951811629991e+00,1.190007562985750056e+00,1.258525871815260100e+00,1.239894804650949922e+00,1.416606427810219948e+00,1.580038839531219930e+00,1.532642834230300011e+00,1.450687765235249893e+00,1.398264732996219895e+00,1.309268883772960024e+00
1.148536065869679934e+00,1.166816232867939895e+00,1.152858764951310011e+00,1.150198803893839994e+00,1.157929211604310060e+00,1.165846661891059899e+00,1.162777633379840081e+00,1.156358330081439956e+00,1.153230298576620072e+00,1.140764101019350107e+00,1.216060540725719896e+00,1.187111498898310025e+00,1.175890670232599966e+00,1.137229450827649924e+00,1.112751556867880076e+00,1.062362295149380076e+00,1.309404165516379948e+00,1.281252382548329960e+00,1.255703550828940029e+00,1.245482349167599923e+00,1.246139144983819946e+00,1.241092908600009981e+00,1.239619375791030098e+00,1.240357845764199940e+00,1.232256841614459919e+00,1.212839267469179916e+00,1.233435503180650095e+00,1.234162449346509982e+00,1.231352755949749911e+00,1.217652999406910075e+00,1.212674906359769933e+00,1.205315454042430012e+00,1.208401422612040088e+00,1.210423410989919901e+00,1.214657888315290091e+00,1.216937756782769942e+00,1.226168742915050069e+00,1.236561729641840079e+00,1.239223115807559950e+00,1.244819238593579902e+00,1.246868808072089996e+00,1.251952768902730107e+00,1.249095832120989957e+00,1.251832079879650061e+00,1.257477845096550029e+00,1.254897667110649984e+00,1.246900793196539903e+00,1.246529534920479909e+00,1.239779837815289998e+00,1.230143188001320054e+00,1.246502147696179952e+00,1.258175109486419974e+00,1.369097447017409985e+00,1.339552723163959902e+00,1.635433055844220052e+00,1.861956639787089918e+00,1.764450286022110070e+00,1.635186923703630058e+00,1.521034779910509949e+00,1.224221471748859980e+00
1.083958111444750072e+00,1.132444643183039945e+00,1.101012122590149911e+00,1.109186071348029934e+00,1.119930041370899909e+00,1.134780928717540105e+00,1.139766479089050044e+00,1.143188830868580030e+00,1.155046242266650092e+00,1.164224553177019894e+00,1.129144920285350073e+00,1.125355538210409900e+00,1.130020922210579926e+00,1.114485661146539908e+00,1.078688363305579934e+00,1.094685193058700046e+00,1.268447579041179996e+00,1.241687084943029928e+00,1.236441361010619966e+00,1.229574847660110049e+00,1.217923590720840110e+00,1.169919207403149919e+00,1.149643082971909980e+00,1.149179792837039971e+00,1.144842938127879961e+00,1.132740557236820100e+00,1.111204763262110040e+00,1.093427173164400079e+00,1.091305195619949986e+00,1.097765033775959909e+00,1.114713196403249951e+00,1.128775634589400001e+00,1.140051320525679923e+00,1.148256190073760008e+00,1.154125404111010056e+00,1.158809280820999987e+00,1.162569413641999949e+00,1.166697608704359901e+00,1.162997113415100037e+00,1.167820872604439897e+00,1.164563307600819941e+00,1.166106786572590037e+00,1.164744624807090068e+00,1.160914353983959924e+00,1.156036518146619896e+00,1.144434664914599997e+00,1.128141741518229990e+00,1.112877057418349969e+00,1.088622363605260102e+00,1.067695011886850009e+00,1.213989378430680111e+00,1.258783224249659938e+00,1.687216580871869986e+00,1.422525837673819904e+00,1.903479396958950076e+00,1.574870904841670027e+00,1.474438683990070054e+00,1.413211685018610053e+00,1.339833431795729890e+00,1.219188341482490001e+00
1.197539344922589954e+00,1.221312193947710067e+00,1.198013663997059997e+00,1.201428525175060047e+00,1.199878097903150032e+00,1.204178704923509979e+00,1.203069551693400019e+00,1.199918631695739979e+00,1.202273553443220067e+00,1.205925427362680047e+00,1.203639856973530042e+00,1.216010778706670070e+00,1.206012736222259907e+00,1.177349310088960044e+00,1.108334623835190103e+00,1.041875728672819967e+00,1.328578495452479968e+00,1.278407939717379982e+00,1.244176255376820084e+00,1.229867237984479944e+00,1.225653789476959910e+00,1.216105203981520111e+00,1.213431871006559915e+00,1.211684187089729914e+00,1.231200690404750109e+00,1.245196016537049921e+00,1.223718631536790058e+00,1.199145078275380083e+00,1.188838237241010010e+00,1.179423661725919947e+00,1.181087353344500102e+00,1.187265009941220084e+00,1.186963463676399932e+00,1.197102495863850091e+00,1.212032578370040081e+00,1.221315178737989893e+00,1.226241135928199943e+00,1.229522141138180036e+00,1.227369010711919950e+00,1.228006684169929974e+00,1.220581551448919999e+00,1.220148048081699965e+00,1.214853387051209932e+00,1.213238291690980075e+00,1.211721244120300023e+00,1.208478729740620095e+00,1.197016306072939962e+00,1.191389942248409994e+00,1.179264709094369978e+00,1.159844295672260106e+00,1.164268943820859992e+00,1.159423607578049964e+00,1.268930129903790061e+00,1.242294326923599979e+00,1.504926569724259977e+00,1.751299192609099942e+00,1.671344271195559950e+00,1.543411735098799920e+00,1.474451993566930019e+00,1.305763817688240014e+00
1.281427292756980085e+00,1.298830330687229972e+00,1.284271926195929892e+00,1.285317566026920044e+00,1.292936756110590002e+00,1.302445141714150045e+00,1.300126431574379904e+00,1.296433947613200077e+00,1.304578599434530028e+00,1.246799044134730083e+00,1.210938192297249971e+00,1.369296421060870017e+00,1.348994687004039905e+00,1.353520104463530105e+00,1.238888805879430066e+00,1.162229867349169998e+00,1.602952940240879975e+00,1.519676759557369916e+00,1.488407347892160004e+00,1.471374802084459921e+00,1.460101049432970033e+00,1.450905766561900068e+00,1.442030704004340080e+00,1.448485824200119954e+00,1.483718234329389984e+00,1.487967784848210018e+00,1.449047955944319899e+00,1.387500346169620036e+00,1.341388456834800014e+00,1.311957370436040105e+00,1.300177427905460092e+00,1.297959108283059937e+00,1.303908226241069945e+00,1.314539215299340036e+00,1.330721184302720017e+00,1.342199668850289962e+00,1.363224193242160043e+00,1.376433078356630091e+00,1.380988505300680069e+00,1.384838857162959957e+00,1.393884135798199919e+00,1.399182049915079995e+00,1.402111812478449959e+00,1.405637153291309893e+00,1.405948701558890068e+00,1.409682915523400082e+00,1.404913045795779913e+00,1.407746104788039965e+00,1.402081363604990027e+00,1.402321960520009902e+00,1.426943163512889967e+00,1.427796543696939979e+00,1.610956231485739965e+00,1.580564253341389946e+00,1.913909433403399918e+00,2.150946894232319995e+00,2.034543728461790213e+00,1.872376723722309899e+00,1.748490098564249973e+00,1.325535238076630096e+00
1.087639350774529889e+00,1.104178299255470064e+00,1.101150360609989942e+00,1.098316881289419955e+00,1.106533063004849993e+00,1.113817235056770105e+00,1.112528360198870025e+00,1.109011617755750079e+00,1.116539656335000075e+00,1.123926231730949965e+00,1.083668274806260046e+00,1.117472590362750040e+00,1.113692854255770026e+00,1.104752299705850094e+00,1.029737817109440012e+00,1.006753455994529922e+00,1.249103666701089965e+00,1.195774008921580034e+00,1.181859484453730014e+00,1.174431055584040040e+00,1.141563861788779999e+00,1.136723372788619901e+00,1.138529773487179986e+00,1.148810596757849911e+00,1.148350914300729997e+00,1.117437487426599985e+00,1.113134064418640046e+00,1.113291813195939950e+00,1.115966481483499972e+00,1.114834241219359923e+00,1.121175688154149919e+00,1.127014916526519972e+00,1.132613139139899916e+00,1.140825758419260039e+00,1.142508571302039977e+00,1.147504094604240077e+00,1.150596392185349925e+00,1.151316370874869932e+00,1.149298555853540016e+00,1.147551667953679910e+00,1.150440001387450062e+00,1.150461604322750020e+00,1.147967063167500079e+00,1.145395753728400079e+00,1.139228494678409920e+00,1.130473182017599942e+00,1.119058984266150025e+00,1.108014683571479919e+00,1.084877509978980026e+00,1.067842373116099974e+00,1.101793270076860010e+00,1.100307780734349983e+00,1.362852957551069943e+00,1.232820739237499907e+00,1.727434512906399933e+00,1.688643364819260029e+00,1.569776786300330018e+00,1.480565625440019906e+00,1.442979637231680101e+00,1.269082722720950018e+00
1.058308639938770002e+00,1.054879582899650003e+00,1.054076219100479994e+00,1.052918344795580108e+00,1.057893073447909948e+00,1.063764393451869905e+00,1.059254354159699929e+00,1.052651847905389904e+00,1.048909990800310110e+00,1.043974994014049917e+00,1.075872854895479902e+00,1.088357871985820013e+00,1.071669631624809993e+00,1.046385539151690081e+00,9.787032919799300013e-01,9.735123962173100054e-01,1.181152430236170003e+00,1.138715799310900056e+00,1.133143760664560018e+00,1.112653472113050102e+00,1.098220044335239898e+00,1.062473382084710094e+00,1.084168714329440064e+00,1.088515743295149996e+00,1.088151544467570009e+00,1.086069883376320044e+00,1.081135842183200024e+00,1.077245805808050072e+00,1.085489326452349967e+00,1.094743768103290105e+00,1.090591499060199920e+00,1.086078708136259952e+00,1.084824034983060015e+00,1.083576083898809994e+00,1.085019146691089897e+00,1.083545229514129904e+00,1.088036889600100032e+00,1.088921513922759932e+00,1.085275455883210061e+00,1.083119674217549955e+00,1.083080694231469909e+00,1.082513519295789983e+00,1.080730122832779916e+00,1.079199660063600019e+00,1.071905492395410109e+00,1.065320203989009951e+00,1.057100499046349951e+00,1.047846180261660098e+00,1.029598264702979993e+00,1.008904802236799902e+00,1.024664112577829966e+00,1.022989753158769943e+00,1.282582163429849986e+00,1.167054597480589928e+00,1.506817563639780033e+00,1.548807135166410109e+00,1.435030619597019941e+00,1.335613158533849987e+00,1.281837008277429968e+00,1.138144904936490009e+00
1.094970453440990088e+00,1.104272305804909982e+00,1.096465236676509969e+00,1.094816288296809992e+00,1.100142588085190054e+00,1.109001287424300042e+00,1.107413451963519924e+00,1.107014965954620012e+00,1.113312944448660025e+00,1.134293148409730057e+00,1.097493804102400050e+00,1.041532577738599974e+00,1.043216753951760056e+00,1.054168758340850109e+00,1.008616849869450105e+00,9.566371934283850464e-01,1.234108929079559935e+00,1.195760486172060100e+00,1.171316897401150081e+00,1.156406477499589913e+00,1.151375917102110069e+00,1.149169608306390034e+00,1.147157642492300011e+00,1.145955287831869951e+00,1.140530608675800028e+00,1.137154482350859919e+00,1.142623713082500103e+00,1.150494133145629982e+00,1.133412893773900088e+00,1.125113267620319935e+00,1.105326688918579991e+00,1.098139334187050009e+00,1.096837282974340022e+00,1.096589852261319997e+00,1.102899269189169917e+00,1.112112443905119985e+00,1.122723449302150067e+00,1.132350428427550071e+00,1.135533606285660024e+00,1.135504053074740005e+00,1.139385347086850020e+00,1.136916547418650003e+00,1.131940874560910082e+00,1.130386073062189967e+00,1.126758051730970100e+00,1.121399695701420063e+00,1.111115232429590094e+00,1.105622319256490016e+00,1.092869073983359973e+00,1.078666812380139950e+00,1.075896000224449978e+00,1.075024839997569925e+00,1.140281483180030087e+00,1.147546138831220031e+00,1.280953235451040007e+00,1.594913268144029894e+00,1.540521143668629911e+00,1.444297199463949966e+00,1.395786881803650070e+00,1.276507275649970019e+00
1.371739031139870054e-04,1.730495346860020062e-04,3.450775513327329971e-04,6.578744610591110526e-04,6.225126527873620129e-04,7.759850509701570007e-04,8.899539607768459622e-04,6.270018238552929829e-04,1.091812802183319935e-03,9.971672765692440443e-04,1.381462479699649979e-03,1.467591833703609915e-03,1.669375449498190040e-03,1.560104639317260030e-03,1.651329435642970040e-03,1.920902517463759932e-03,8.949139018996029628e-04,1.224671028283159978e-03,1.737284002400690070e-03,1.317567375811350095e-03,2.065959374827540124e-03,2.326074740512420070e-03,2.553996332039109966e-03,2.555648015866639807e-03,2.072462628380340125e-03,2.207875897988000134e-03,2.727120598944030201e-03,2.622869366385440111e-03,1.904476840018240079e-03,2.183773069196630161e-03,2.520339206502329905e-03,2.521018356259510044e-03,2.480006972694970020e-03,3.177474257515499820e-03,2.528704207992029957e-03,2.717528091358790195e-03,2.809525743509580075e-03,2.723543609170609933e-03,2.968039918269790075e-03,2.912951895706200178e-03,2.185929453353520173e-03,2.956020205538830055e-03,2.538017196159749952e-03,3.115275991681740013e-03,2.400096206342590150e-03,2.739819650779870205e-03,2.777974471536439997e-03,2.772173426535370130e-03,2.903413859739649786e-03,2.881358898468680194e-03,1.812928129972559950e-03,1.945979096724669965e-03,1.201781189893750103e-03,1.800842637690449905e-03,1.319896137544489994e-03,1.780274395675299909e-03,2.182239876354099845e-03,2.015956668273919880e-03,1.993067737075050142e-03,1.661098294445910104e-03
1.070583093353570048e+00,1.085288669436859976e+00,1.072619912337380077e+00,1.073076272075089932e+00,1.078389059482510071e+00,1.086759207136140049e+00,1.081820584988399947e+00,1.075158419295759948e+00,1.068161485251849951e+00,1.103591091341340036e+00,1.124727082465579953e+00,1.122462715504060071e+00,1.103436576529899904e+00,1.012423655212070006e+00,9.897936109085320178e-01,1.002591999334230044e+00,1.222203186819230014e+00,1.168013191141699991e+00,1.148645459759620069e+00,1.131960553265950020e+00,1.111402310246440095e+00,1.110489477198959962e+00,1.122499024986850058e+00,1.124674176473239973e+00,1.127611004423979990e+00,1.122130362595969988e+00,1.106301498717529919e+00,1.094827781972639968e+00,1.089140401273879899e+00,1.090019446301859984e+00,1.100283482691120085e+00,1.110768325705570048e+00,1.116061654513919921e+00,1.116214180499419895e+00,1.117529714848860101e+00,1.117292959968239963e+00,1.119697144101329922e+00,1.121528598311730018e+00,1.118244423538300003e+00,1.115216627150749984e+00,1.116837908703379956e+00,1.114849413408439904e+00,1.112642799596460064e+00,1.108740097058360075e+00,1.105932409518580073e+00,1.096186972968860029e+00,1.081510282458159944e+00,1.068693448754499897e+00,1.045190448159299956e+00,1.022490324568329889e+00,1.052808070154100051e+00,1.068459726318599978e+00,1.333608348869909976e+00,1.229808467691259954e+00,1.666293533263470072e+00,1.643603881729829963e+00,1.507897042493220097e+00,1.411193722581969956e+00,1.347240932094889931e+00,1.161431053791879942e+00
1.185184190569170015e+00,1.193109834470420072e+00,1.189947310517929902e+00,1.192003851077320098e+00,1.201463621445719943e+00,1.212312055964630098e+00,1.211666424539719955e+00,1.205581605375120047e+00,1.198140348030799940e+00,1.168397730757730013e+00,1.347141333306770106e+00,1.385794326746830007e+00,1.359687005413789951e+00,1.327768384817640035e+00,1.319168275232740051e+00,1.301872374034110047e+00,1.426347972652820095e+00,1.431061732107479889e+00,1.447160282439069912e+00,1.460695367545820078e+00,1.474072503319189931e+00,1.464071796077210053e+00,1.448971292922299980e+00,1.401600023312260079e+00,1.349037566648350062e+00,1.308732171253949916e+00,1.257567961817799951e+00,1.243158795178380016e+00,1.232911987935920051e+00,1.244226994616759896e+00,1.261167975048139933e+00,1.283597906030859992e+00,1.307703936035039982e+00,1.334187218111489992e+00,1.357473138065800056e+00,1.382618206782320058e+00,1.399552989042289974e+00,1.419396589497700090e+00,1.443763901713970066e+00,1.464334818508890024e+00,1.481033258076950077e+00,1.501011872466190056e+00,1.524690273477629976e+00,1.535717082654679988e+00,1.544016717292530094e+00,1.553709021056459916e+00,1.550101420902300076e+00,1.547020273034340088e+00,1.539020008999520073e+00,1.553782692239620067e+00,1.730326521632070014e+00,1.784715461828600080e+00,2.277698909969910090e+00,2.079139749886630195e+00,2.922717121410359997e+00,2.833714001126999893e+00,2.714400003994009936e+00,2.646585465544990079e+00,2.607520302409390034e+00,2.369609435538070130e+00
1.136099845107340078e+00,1.139792657074369941e+00,1.141048348778499921e+00,1.134244067056789929e+00,1.150407120184959942e+00,1.157701135318840002e+00,1.154816501694019948e+00,1.142962015987879942e+00,1.144159301299429998e+00,1.157432488044590091e+00,1.169760734240969935e+00,1.182121077957130062e+00,1.175864279262929912e+00,1.102296140463389973e+00,1.058404314192950002e+00,1.093512576729029906e+00,1.286168784526769970e+00,1.234911502019560015e+00,1.218278084000389949e+00,1.203863703921250083e+00,1.189830902556969994e+00,1.182974931278119923e+00,1.191772857614600056e+00,1.192713382969680103e+00,1.194026385752019914e+00,1.190002305979859898e+00,1.183034961994730017e+00,1.170407783884340081e+00,1.187089314267030016e+00,1.186281960794610013e+00,1.191954870495780083e+00,1.196899981782209910e+00,1.199932626116269940e+00,1.202762975612519991e+00,1.205493030025490020e+00,1.206046890252209902e+00,1.210624435218510042e+00,1.214179563613940083e+00,1.211177459162880110e+00,1.211610594744110037e+00,1.213456869122989890e+00,1.214775335892499974e+00,1.210235922122550045e+00,1.204064952655369947e+00,1.197349394629499963e+00,1.178188915001920023e+00,1.152912333859499983e+00,1.129160031043890067e+00,1.102286673646279969e+00,1.081435920888909941e+00,1.270286508053950048e+00,1.256582548180360082e+00,1.466593216004530076e+00,1.244462176561490052e+00,1.478470288323449955e+00,1.395344787712939905e+00,1.327580523563780091e+00,1.287990647551360057e+00,1.254245376376059928e+00,1.226727561164510094e+00
1.179688976415949941e+00,1.198120450398530101e+00,1.183222975609679928e+00,1.183647940389509934e+00,1.190649289932399935e+00,1.200155401201379979e+00,1.194575950872700076e+00,1.189923622517840007e+00,1.188627520166970042e+00,1.198088480562019997e+00,1.188331662807309952e+00,1.212613450773670110e+00,1.210309745855280061e+00,1.193862659777199964e+00,1.142655537128280052e+00,1.116636122372580031e+00,1.291094566930399923e+00,1.255690627944030080e+00,1.248340717653789955e+00,1.243894636250290064e+00,1.229218281159329962e+00,1.232516441222180070e+00,1.243405125255119925e+00,1.255832330177359957e+00,1.259295460009610013e+00,1.226575736604559985e+00,1.206270342086380065e+00,1.192141720373049996e+00,1.192306625422520083e+00,1.189292071298599929e+00,1.192091461781120021e+00,1.195416250757459942e+00,1.199277342336360075e+00,1.204613320240849994e+00,1.210433455068129938e+00,1.212336910205630058e+00,1.215177058546679900e+00,1.220040754847000031e+00,1.217190219725180045e+00,1.212739274806770018e+00,1.215124705940550109e+00,1.216044911791690053e+00,1.216128454027000094e+00,1.214205550098929942e+00,1.208589458455840093e+00,1.204950779422230056e+00,1.194732081313540029e+00,1.189527577632990107e+00,1.176067295735740093e+00,1.166943228113330067e+00,1.195253186565339965e+00,1.181229256250289961e+00,1.360278443967309903e+00,1.287915275895759937e+00,1.536639734442859950e+00,1.626003874149700046e+00,1.553358244746839922e+00,1.470500168303519928e+00,1.469997251660420057e+00,1.293942433343860055e+00
9.992365613889230280e-01,1.011353915659549907e+00,1.003527774822819962e+00,1.003447885513429894e+00,1.008659269025560024e+00,1.017049113586129927e+00,1.014544430577390077e+00,1.012549148265510013e+00,1.013401543224720092e+00,1.018685229114550062e+00,1.028560269774150049e+00,1.017924536642210054e+00,1.011842375963490026e+00,9.827648525076070340e-01,8.831267904629209742e-01,8.701939298771449449e-01,1.151353388326070037e+00,1.093218116860199984e+00,1.079166583419800096e+00,1.069237417766720100e+00,1.066715492885270011e+00,1.051687107162029955e+00,1.055034799600830020e+00,1.052104130007210037e+00,1.047046181623970007e+00,1.044645022354389940e+00,1.029391792673949979e+00,1.019548642782009962e+00,1.019429792285529990e+00,1.019464600333479964e+00,1.028297592556679962e+00,1.030160097008790077e+00,1.034067693369030039e+00,1.038126598985740001e+00,1.040060807235879903e+00,1.041568643773270075e+00,1.046829359297809958e+00,1.049262503181370043e+00,1.047445993512930107e+00,1.048900186995350037e+00,1.047478102620509999e+00,1.048947703971190082e+00,1.046883671288530104e+00,1.046785892805250029e+00,1.046217481650639991e+00,1.042978335121740097e+00,1.034887355354809912e+00,1.030302233010760071e+00,1.020047464375100077e+00,1.004837160308190036e+00,1.037659239655770005e+00,1.030535570701879955e+00,1.209854434175340110e+00,1.127017787925540082e+00,1.413050296974420084e+00,1.482186314462089927e+00,1.409737069950590005e+00,1.354773905725159988e+00,1.327180132259160095e+00,1.200050593635890062e+00
1.041932057228529995e+00,1.055801745206049969e+00,1.044283743922769903e+00,1.042859063346269988e+00,1.049708102417900024e+00,1.056563272060919934e+00,1.054396569085239932e+00,1.052337091205159947e+00,1.058513617631390069e+00,1.072933706229330042e+00,1.029781866123719913e+00,9.920641611252869474e-01,9.932250739366740300e-01,1.010363921582009938e+00,9.697860500345879542e-01,9.181185937045359680e-01,1.200690095865839968e+00,1.174713203967509889e+00,1.144805357954840064e+00,1.127441269812299973e+00,1.125817346275169939e+00,1.123213897460050070e+00,1.119225725347700040e+00,1.119717382512309900e+00,1.109705591225810029e+00,1.095844399215520015e+00,1.106048973916359923e+00,1.094256874953869918e+00,1.105083057050670003e+00,1.087420518266859926e+00,1.077140054559490023e+00,1.070935139423849991e+00,1.069510096563109913e+00,1.070507581431570099e+00,1.073025248977329982e+00,1.074915459281170049e+00,1.082540106965540039e+00,1.090092754279069931e+00,1.094823289881790007e+00,1.101843233953470058e+00,1.103125585720720059e+00,1.105632575772599990e+00,1.107555991867269940e+00,1.105421602263009895e+00,1.104057737095309966e+00,1.097634693246340110e+00,1.096235818679619944e+00,1.091791029773099941e+00,1.081449409919899907e+00,1.068230200483959891e+00,1.083966234204849943e+00,1.083481583199370046e+00,1.195437633564669921e+00,1.161299706647830110e+00,1.428229372242479922e+00,1.613689794865549976e+00,1.522735490987769946e+00,1.420582788037060062e+00,1.350634231971530097e+00,1.164167047832959989e+00
1.045449659232889905e+00,1.061777008164900060e+00,1.049823385943059906e+00,1.059825087837539925e+00,1.063781616372589944e+00,1.081586353841760051e+00,1.081734921155550033e+00,1.063627041806820106e+00,1.075194996216340071e+00,1.088599991476580042e+00,1.114618592328749935e+00,1.041608299712659891e+00,1.065225575258250013e+00,1.025828298398600014e+00,9.693843685312839575e-01,1.154748681721530001e+00,1.185309351387219934e+00,1.157289024533769917e+00,1.148276924369129981e+00,1.134453338789680021e+00,1.132213930070770092e+00,1.126785754589080035e+00,1.122608382447489950e+00,1.119245784377220110e+00,1.128501556062539990e+00,1.132014378319309955e+00,1.111095267135189912e+00,1.081293351622439891e+00,1.060509276721439909e+00,1.050574686894319987e+00,1.054212562153459931e+00,1.052990531543579911e+00,1.062407831122579971e+00,1.076508538878570009e+00,1.086839991617160051e+00,1.093191148520719969e+00,1.105694558779759973e+00,1.113621013174820096e+00,1.116592020990309964e+00,1.117793541040730032e+00,1.116102444055679932e+00,1.118548251889710077e+00,1.118935644710550070e+00,1.119782110582550061e+00,1.119030486129890090e+00,1.113853285008179927e+00,1.110239526442369895e+00,1.108964240174930005e+00,1.099607003948450012e+00,1.085082564191039989e+00,1.094702751225409942e+00,1.104560929177800022e+00,1.172911552976809935e+00,1.157825122210139890e+00,1.379586733746920091e+00,1.624188785141809976e+00,1.575223627381820091e+00,1.479777710724619944e+00,1.420876707702930064e+00,1.228400218716330095e+00
1.081970575909100063e+00,1.095201507951170106e+00,1.085444224826570103e+00,1.085993967148739969e+00,1.093001130660760101e+00,1.101692587971270010e+00,1.101449656503129981e+00,1.098930107729199968e+00,1.115157585610689894e+00,1.113749625693539969e+00,1.048011521597510098e+00,1.093264640188509995e+00,1.083089521642500053e+00,1.079755923032760023e+00,9.924538545061309947e-01,1.061973861559819987e+00,1.217822306721140002e+00,1.177257565421200081e+00,1.161529587394779961e+00,1.152485210495050039e+00,1.142831851183069958e+00,1.136982476586930080e+00,1.137692292718680109e+00,1.155276234279329906e+00,1.169819882343130057e+00,1.157744679339540061e+00,1.123124708262420057e+00,1.115411900421420022e+00,1.102708762035639944e+00,1.099108745316019986e+00,1.096050463607630032e+00,1.098129520716810026e+00,1.108017541936769934e+00,1.128283698797849954e+00,1.128891945303239996e+00,1.132584786953700018e+00,1.137147750329349893e+00,1.136282408226559903e+00,1.132769315410460109e+00,1.133496233477790049e+00,1.128318715585900023e+00,1.130271903872249961e+00,1.121241478318230067e+00,1.122283897144590092e+00,1.120972312996090015e+00,1.114911038470119964e+00,1.100332935265819989e+00,1.092131155598270009e+00,1.077938194985389897e+00,1.059752525026619985e+00,1.060017995257179990e+00,1.066577601572910039e+00,1.177184669775839909e+00,1.138853682390579936e+00,1.509306682115250098e+00,1.665675536775159893e+00,1.578259126949310032e+00,1.492938831954099932e+00,1.455801447894220058e+00,1.254831727279339892e+00
1.100801693783789892e+00,1.109381950064449951e+00,1.112783898874549982e+00,1.113115326995200105e+00,1.120448879681009924e+00,1.131970337460530107e+00,1.131429546921919993e+00,1.123660018447639963e+00,1.120218047196019917e+00,1.086939096851299968e+00,1.173781429710599955e+00,1.177818108984520107e+00,1.177688080412919946e+00,1.169222163740420095e+00,1.134887763741299960e+00,1.089259956563479959e+00,1.337417138568600006e+00,1.299789073289020047e+00,1.297719180704649977e+00,1.301578099943800026e+00,1.298338678129139945e+00,1.293611958230459935e+00,1.279141663976200105e+00,1.240250480204170058e+00,1.218817843080300056e+00,1.205990474258449963e+00,1.180538214524019969e+00,1.171503443313780091e+00,1.164536469067309898e+00,1.159437449563679889e+00,1.172039064136610076e+00,1.176307727200720077e+00,1.178153905480409991e+00,1.184610306066770091e+00,1.195176003378169982e+00,1.207711520972480024e+00,1.224779098542879918e+00,1.236181774561990077e+00,1.249082196613590101e+00,1.272452727024860009e+00,1.274752941125109951e+00,1.286226492993280068e+00,1.293288430043270099e+00,1.301038085611530004e+00,1.309230822923350024e+00,1.309981373672659988e+00,1.303070479064480036e+00,1.287055449733419898e+00,1.258575345379649990e+00,1.251585703566759911e+00,1.297509145745999959e+00,1.313020476255869928e+00,1.549136320606010031e+00,1.465116387457459979e+00,2.092017053521169956e+00,2.244900996925970116e+00,2.100429350292719821e+00,1.984202209811120055e+00,1.917002053213320067e+00,1.615223930317319923e+00
8.873777490692960068e-01,9.346412848079690416e-01,9.163178240184820522e-01,9.193425609580609947e-01,9.290472230384190233e-01,9.422202302527019624e-01,9.490685349048959552e-01,9.596156909612340025e-01,9.837803991680089677e-01,1.049780688714839982e+00,1.208135079231239972e+00,7.975033012935439647e-01,8.129664368644560213e-01,8.111575331980579451e-01,6.207859434963269862e-01,7.932148246871250086e-01,1.292795519673229920e+00,1.089707128619189946e+00,1.050604621270359917e+00,1.031724862996810099e+00,1.016757023022200057e+00,1.003250978891000011e+00,9.888318842790729812e-01,9.844466699225550288e-01,9.946200340685420471e-01,9.939799431609660507e-01,9.487266012321570186e-01,8.573394761676409459e-01,8.203348730425680246e-01,8.029045939500919493e-01,8.031652392679690111e-01,8.236669672517129559e-01,8.547908041713510041e-01,8.768652641021239535e-01,8.985248035080950491e-01,9.106524387555180455e-01,9.142990660866170405e-01,9.150634822658390011e-01,9.127933284592389951e-01,9.076931716558469532e-01,9.040846451549320317e-01,8.967383068932840429e-01,8.910379222920770115e-01,8.839817093847970320e-01,8.741339964352929925e-01,8.627761494851730051e-01,8.415207075343159593e-01,8.238408628312929860e-01,7.951701553226150354e-01,7.652944088693529601e-01,7.716310700150099677e-01,7.993430789567870232e-01,9.258166601071859958e-01,8.691547574755790206e-01,1.387862148780000027e+00,1.648816471553949947e+00,1.476928353085029899e+00,1.345068895946970100e+00,1.273324446003170074e+00,1.151637231284410090e+00
1.135826659360769986e+00,1.142527197699710007e+00,1.134149560615199892e+00,1.132700882994819969e+00,1.138483954470000059e+00,1.147680991099510051e+00,1.143842608700760044e+00,1.139831474026359981e+00,1.146365871911940060e+00,1.169964023716580037e+00,1.083068604741600049e+00,1.141940673051790034e+00,1.135646151161860073e+00,1.101352287719969958e+00,1.044399381416049932e+00,1.033177569635929993e+00,1.262122330915909973e+00,1.215941624913299934e+00,1.200395863187009970e+00,1.189277752162970048e+00,1.176286466294250044e+00,1.170310291340380004e+00,1.173003673935409941e+00,1.180179360751490103e+00,1.184624449360319964e+00,1.160229584805110070e+00,1.129077062439300061e+00,1.117105887600160052e+00,1.120639589338100039e+00,1.118401385279639948e+00,1.126739986877109967e+00,1.129840068096779948e+00,1.147530695519429988e+00,1.143376837212739972e+00,1.152054747037889904e+00,1.152760179231739901e+00,1.158022540572309911e+00,1.158511590136199976e+00,1.155620754543569939e+00,1.152485318891689925e+00,1.148960602128539898e+00,1.145040899807509893e+00,1.143814771001230080e+00,1.140070535377659899e+00,1.134407396386619915e+00,1.130124959056469924e+00,1.124535337878129981e+00,1.123920228633370044e+00,1.123008742871580035e+00,1.115458243757259993e+00,1.174169451850600066e+00,1.171242524075760016e+00,1.364348721330689962e+00,1.225911458344900007e+00,1.523076238225610002e+00,1.529261101805799994e+00,1.394508755461580041e+00,1.282844790076840047e+00,1.180578604871590054e+00,1.096132083422479919e+00
1.042610904033909991e+00,1.059228336745819954e+00,1.050039594257569986e+00,1.051858502662299966e+00,1.060564022950549967e+00,1.070867949081310000e+00,1.071979573078150061e+00,1.071403748376150045e+00,1.078479428757219916e+00,1.096023885269630016e+00,1.126607124792400105e+00,1.032198974703300021e+00,1.022635453023380103e+00,1.021666192395930040e+00,9.767090742738230302e-01,9.044835569512229556e-01,1.226006145270829961e+00,1.163506091397439990e+00,1.141563653979400073e+00,1.129999388361669910e+00,1.129964868983690085e+00,1.116002841307839999e+00,1.115598251580679934e+00,1.106098665056540087e+00,1.104238940219099963e+00,1.098996006937889902e+00,1.112620667388759976e+00,1.091913536658990047e+00,1.066664622052609923e+00,1.050439419361020033e+00,1.048138475737909969e+00,1.048150869181069922e+00,1.050686676246769924e+00,1.055937596143569968e+00,1.062067370114440079e+00,1.066796032482729917e+00,1.075736696045600072e+00,1.083477428903699913e+00,1.085973921839499923e+00,1.085605962270449920e+00,1.092970971147749992e+00,1.091686558949360064e+00,1.091951683937149920e+00,1.091654824321709905e+00,1.095684738964239902e+00,1.090490872085019936e+00,1.079875726455840068e+00,1.074525839679949968e+00,1.067476624065949897e+00,1.056049217743620039e+00,1.073305054655230073e+00,1.075153098498349946e+00,1.161716013118230029e+00,1.126101453498649985e+00,1.357751340064299983e+00,1.564061492320309998e+00,1.499876850200640099e+00,1.431345453092000009e+00,1.391148688424620028e+00,1.289568357844790070e+00
1.023938684515139919e+00,1.033745575042589904e+00,1.023905217816269975e+00,1.022858004061939940e+00,1.027605076392900108e+00,1.036013870337209930e+00,1.032699157483119912e+00,1.027538472943380077e+00,1.027119268523259965e+00,1.026542352866349983e+00,1.045153007071599971e+00,1.071701011325399966e+00,1.048785051594500084e+00,1.027860789394209995e+00,9.674461621467299599e-01,9.801435766849829756e-01,1.175068230257380053e+00,1.135465714305760043e+00,1.123275381881879920e+00,1.118509455850859924e+00,1.105184870316479939e+00,1.103683501554219903e+00,1.108214995737019981e+00,1.096918733501899945e+00,1.096547248865610058e+00,1.069414841202940059e+00,1.057619399607730104e+00,1.043515796849409982e+00,1.042470074083579945e+00,1.043665420497640106e+00,1.049651610974910110e+00,1.053680694867479950e+00,1.061066337468749898e+00,1.069453279161630022e+00,1.079347403783760040e+00,1.087110510612190106e+00,1.091987031337710023e+00,1.099005695032670094e+00,1.097912155735869977e+00,1.094048846469150016e+00,1.098375749241309984e+00,1.100496644429890036e+00,1.094167981648229926e+00,1.093982376661249978e+00,1.092903775387700005e+00,1.086599764179920102e+00,1.074277088696109939e+00,1.065006243358380011e+00,1.052795870924309929e+00,1.034240665413409976e+00,1.046201446858459949e+00,1.057422754173469981e+00,1.270109388560499930e+00,1.189009256504159895e+00,1.519071589121669952e+00,1.638717499294159996e+00,1.582050694756520048e+00,1.467313750740580014e+00,1.389826050351230080e+00,1.176109185577479899e+00
1.098897042359310072e+00,1.114452471078150042e+00,1.104799713125490079e+00,1.104418698074310035e+00,1.102225864058679949e+00,1.120590461650970093e+00,1.109449867620909913e+00,1.104768322153149906e+00,1.118732712675619911e+00,1.117676515788329938e+00,1.136335329572329966e+00,1.069532144813470032e+00,1.079507130177300045e+00,1.079190751015129957e+00,1.024852249063920029e+00,9.787617448803439535e-01,1.234142403716300018e+00,1.182388339836959901e+00,1.180970672932460053e+00,1.169725257709449906e+00,1.153210333214440109e+00,1.144947138157079936e+00,1.142013925340980007e+00,1.142591814013419915e+00,1.153127479252880061e+00,1.162148442485839928e+00,1.149323354663539964e+00,1.115679717534499904e+00,1.113100122948309956e+00,1.098712365131240043e+00,1.104658171120010079e+00,1.118820376115730042e+00,1.137433846217190014e+00,1.148930068811020000e+00,1.156645493884759901e+00,1.158149737272730073e+00,1.161809785532579964e+00,1.162300820940540103e+00,1.158710554130929937e+00,1.156520490053940087e+00,1.155272798562489989e+00,1.154235051154020031e+00,1.152240782328010082e+00,1.149190778261959922e+00,1.142483367285660023e+00,1.136812823682380014e+00,1.128553426764220102e+00,1.118903877573439898e+00,1.102225275104349977e+00,1.083049446207940081e+00,1.102843015841719954e+00,1.101784878796099987e+00,1.314155637975789936e+00,1.227103963334259973e+00,1.653836294903439974e+00,1.676659204185620089e+00,1.534025644224709994e+00,1.435361147758509981e+00,1.355182686549549986e+00,1.210211108377100109e+00
1.003266083862810021e+00,1.018863409323550018e+00,1.003048035401070015e+00,1.002538842286359921e+00,1.008079046402790002e+00,1.014969364063389889e+00,1.011895538179560017e+00,1.003690392730580028e+00,9.986962376997700064e-01,1.023297930098040043e+00,1.038229835335580109e+00,1.037237775932799977e+00,1.025757468718750065e+00,9.800177969047889626e-01,9.494820903863729900e-01,1.003220493315700068e+00,1.148707750818640072e+00,1.112955577554090025e+00,1.100585410559340005e+00,1.090756425401540053e+00,1.074846569639219984e+00,1.047927566188239901e+00,1.012407425101010006e+00,9.915665069019360400e-01,9.852475691157930315e-01,1.006390238142409910e+00,1.025548499061879948e+00,1.045760815904410057e+00,1.059624514479049928e+00,1.061834663174239912e+00,1.064814379568310043e+00,1.065313653127260007e+00,1.067246218784760003e+00,1.072601965813829938e+00,1.071371825687750023e+00,1.072534782102789963e+00,1.077822116365060090e+00,1.080198440762569989e+00,1.078807289000550007e+00,1.078568586492860026e+00,1.080252150829059898e+00,1.081178696842890030e+00,1.077870395593049979e+00,1.076859536635329961e+00,1.076046574883819940e+00,1.070083289453559905e+00,1.055859570638399969e+00,1.045660246464509946e+00,1.031804473163350000e+00,1.017585243964600039e+00,1.121169415274960057e+00,1.132427951334219918e+00,1.441274656428960022e+00,1.322027015485250034e+00,1.665522664546760012e+00,1.591578677025790034e+00,1.455671688260339991e+00,1.335402560950150086e+00,1.209134188495389894e+00,1.125337458463030016e+00
1.146580457591859892e+00,1.164791542946669978e+00,1.144055057953240029e+00,1.145979382286330006e+00,1.152304673684150016e+00,1.161845786204529940e+00,1.161601327050080013e+00,1.161364664366530075e+00,1.185711153515289995e+00,1.196913814756989991e+00,1.053250961860910051e+00,1.120350142337730004e+00,1.124637664763310063e+00,1.143425688013010033e+00,1.060070089240600089e+00,1.034131286098360025e+00,1.296567931159869902e+00,1.244326364474640068e+00,1.226094546640680072e+00,1.214946928264099890e+00,1.204812423332870086e+00,1.196665297775580061e+00,1.189481776422870007e+00,1.197142851683510090e+00,1.199611723417510101e+00,1.195132456130699961e+00,1.178303571127280014e+00,1.162961220396500073e+00,1.165804228010169918e+00,1.168240531076170097e+00,1.176513137489010097e+00,1.185997200435880083e+00,1.192611872051599908e+00,1.195468752312980110e+00,1.197204835381560084e+00,1.197594876170539946e+00,1.199095801886159940e+00,1.201605796203579990e+00,1.200085736701949957e+00,1.197640919759509925e+00,1.192378018589600019e+00,1.196597221062619898e+00,1.192485469641290097e+00,1.193408799359009898e+00,1.190124317748290084e+00,1.182714102776909915e+00,1.174460414883129911e+00,1.166572761429299998e+00,1.154811064708360036e+00,1.142427495639730006e+00,1.161414038875989929e+00,1.179601155323239947e+00,1.390495748861100056e+00,1.296122704383400048e+00,1.613514113315400067e+00,1.742956669909319967e+00,1.550261327505729980e+00,1.498315904413860089e+00,1.425690170280589975e+00,1.238435912927120075e+00
1.076444984183080100e+00,1.091405319933830054e+00,1.073678614844340018e+00,1.073856472905390103e+00,1.078665727145190045e+00,1.087681883485549950e+00,1.084813476534189913e+00,1.081240445110490001e+00,1.083115954561389982e+00,1.096619070166670040e+00,1.068321004937780039e+00,1.092457734872400055e+00,1.084127537521710094e+00,1.045741071678800038e+00,9.992498064204500263e-01,9.930132203163279936e-01,1.202197003811920073e+00,1.167310422208829968e+00,1.153589155875659911e+00,1.143650618411959918e+00,1.134227177677449960e+00,1.124968318151589930e+00,1.112180221584279982e+00,1.102229650719450005e+00,1.114016955275310083e+00,1.126356393540449918e+00,1.139517485392880003e+00,1.105831875881259974e+00,1.091525529979930020e+00,1.089039235797280014e+00,1.090379126915890007e+00,1.100480055525929979e+00,1.103648535248729967e+00,1.113007813607489904e+00,1.120244151300880064e+00,1.123949859596919953e+00,1.130610059369060005e+00,1.131499072557399899e+00,1.128026896101399945e+00,1.130507968142739905e+00,1.127890617086360070e+00,1.130583604962470012e+00,1.123749078838840010e+00,1.121753546474010044e+00,1.122561751774360017e+00,1.114393089870630016e+00,1.100015198670889927e+00,1.088131864094729950e+00,1.066846806333239916e+00,1.043345301316890072e+00,1.074425967220659972e+00,1.084784520101740091e+00,1.417789633538999894e+00,1.245500682200509912e+00,1.658921857150289947e+00,1.627926083175690097e+00,1.504902230750700065e+00,1.370036458179159977e+00,1.242400850608649909e+00,1.090688866578990002e+00
1.102362739119800095e+00,1.120870969997060040e+00,1.101264751936340103e+00,1.101230669004050089e+00,1.109141847374339962e+00,1.118739167031580051e+00,1.115938208319469993e+00,1.114630369873059967e+00,1.119878320330569998e+00,1.146363061023119911e+00,1.061079827392880093e+00,1.117117911805600050e+00,1.111432668952379910e+00,1.090358439212999908e+00,1.046545711198560102e+00,1.045805508471640000e+00,1.222055832017399979e+00,1.188699070659529955e+00,1.183412381023380089e+00,1.172628618060959971e+00,1.167344826080110032e+00,1.160045411227079937e+00,1.167982596664250083e+00,1.176049827314940011e+00,1.172357066195149899e+00,1.154340669248149931e+00,1.133300912528049986e+00,1.111504925967609969e+00,1.122918409995570022e+00,1.126495158807109931e+00,1.127582457458619958e+00,1.135116702846640013e+00,1.141904189892279931e+00,1.145385181650669937e+00,1.145833776851520103e+00,1.147308240482789898e+00,1.149275058996900079e+00,1.153756818532650108e+00,1.150671925469340051e+00,1.149992726978829927e+00,1.150885001079569925e+00,1.152083707958009962e+00,1.151246109344709945e+00,1.150002782030050019e+00,1.142248372458330108e+00,1.135405144145519962e+00,1.125995692517810065e+00,1.121325024328220010e+00,1.104901165635959970e+00,1.095886971675779975e+00,1.133617364732389943e+00,1.141059539663509925e+00,1.367530525524220053e+00,1.205965109449949946e+00,1.454520459606200022e+00,1.370307476503010102e+00,1.284596900265229991e+00,1.235290596876180036e+00,1.199774547979459927e+00,1.135686797236830081e+00
1.181829746801690062e+00,1.186418705434020060e+00,1.182600796023669965e+00,1.182200821821999925e+00,1.190486003352690059e+00,1.199325156997629982e+00,1.198041613605040023e+00,1.197226817622210060e+00,1.202196992206469917e+00,1.216780997797610064e+00,1.253394101698199981e+00,1.152439662124280062e+00,1.116735565228160088e+00,1.090040195672979939e+00,1.092315842811059978e+00,1.056073243351530078e+00,1.214523869732349937e+00,1.328037422833080017e+00,1.280317491359679982e+00,1.262740204938390010e+00,1.246761215021989999e+00,1.245219793213000026e+00,1.247000468222670078e+00,1.246225461095300080e+00,1.242834547541489920e+00,1.232537125560589919e+00,1.238092818649459970e+00,1.227445620298839968e+00,1.242724881626039890e+00,1.216864351522950027e+00,1.196043096266919958e+00,1.186741647658819954e+00,1.185584926572289977e+00,1.190800184471370038e+00,1.200395794093670032e+00,1.208214651334700074e+00,1.217509694321339930e+00,1.221671319871519890e+00,1.224600925055759904e+00,1.225139787790330059e+00,1.225438839328139906e+00,1.221860453642759969e+00,1.221931684399369944e+00,1.229707671085650045e+00,1.228697751239200109e+00,1.221150892142639943e+00,1.215301058142209900e+00,1.209914109679760097e+00,1.198069242067079987e+00,1.184658706050929933e+00,1.172545695698679946e+00,1.180067482264949952e+00,1.174520730821090098e+00,1.246543651361319949e+00,1.255263222790450106e+00,1.680885499870770072e+00,1.718564388050390024e+00,1.622965539457950079e+00,1.554033370492690080e+00,1.459582623377220001e+00
1.105932971961010036e+00,1.127732533338440035e+00,1.112392055634549903e+00,1.112131767226189893e+00,1.117812879693010020e+00,1.125736434217839976e+00,1.123781777592310016e+00,1.121734393767880089e+00,1.131550970950299995e+00,1.185232581887829983e+00,1.072173144597720063e+00,1.120943393417350054e+00,1.122005420070500081e+00,1.098482830724530013e+00,1.026494587133530034e+00,9.883478463572600292e-01,1.276852199301020008e+00,1.228913344941120034e+00,1.209053738346979934e+00,1.197386827559399958e+00,1.192689215605980069e+00,1.178754931328849898e+00,1.170143656902749907e+00,1.160187855850649985e+00,1.146819067384029944e+00,1.149825851205729998e+00,1.140073521510670096e+00,1.139191939687419941e+00,1.140080638102890065e+00,1.145634174527810023e+00,1.148136424984220083e+00,1.149013473588639922e+00,1.155643410721119979e+00,1.155437318537789970e+00,1.158492024008189958e+00,1.158931998202890057e+00,1.163829310336039979e+00,1.164199380103839943e+00,1.159584935674029982e+00,1.158560931584329934e+00,1.159893229809420001e+00,1.156627738825289908e+00,1.155398656748330088e+00,1.153095842391439918e+00,1.149137420285720079e+00,1.142662322076789971e+00,1.132177569274509965e+00,1.125446963351500074e+00,1.111523416418729981e+00,1.099709681656729998e+00,1.171359992775409919e+00,1.167640152887670091e+00,1.371784319215179959e+00,1.247329203297949940e+00,1.520225900112140094e+00,1.536531232958900040e+00,1.450717639606710074e+00,1.379375198000839964e+00,1.307439338767639958e+00,1.227090875262949909e+00
1.142905162724090040e+00,1.165234027660160043e+00,1.139163715533380028e+00,1.140887453529410012e+00,1.147345881199949957e+00,1.160761141619540027e+00,1.152682060879969939e+00,1.152657305144590083e+00,1.154145591583719987e+00,1.160708272993729917e+00,1.119786884071050093e+00,1.105366605571139971e+00,1.115436750464519955e+00,1.126671773374579910e+00,1.063842657426989913e+00,1.260132471362559903e+00,1.243334155887610093e+00,1.218809272005280109e+00,1.203551707695619921e+00,1.200635471220059980e+00,1.186988846717949908e+00,1.177004700943790061e+00,1.165432612925249911e+00,1.176058588016769990e+00,1.198481440462140002e+00,1.178683474385209928e+00,1.217373689163850026e+00,1.191303211723869993e+00,1.188459513373040011e+00,1.180283471597940004e+00,1.181307376832199996e+00,1.185371502978280089e+00,1.189647845359210088e+00,1.191350846231399974e+00,1.191631080501520001e+00,1.193128608655199985e+00,1.194004704454620036e+00,1.196660115120220080e+00,1.195704373800329900e+00,1.194834842108740025e+00,1.195484725146310101e+00,1.196602504874699990e+00,1.190722886628740040e+00,1.194269696744040044e+00,1.190462077490890058e+00,1.185093622347290099e+00,1.172875105194240097e+00,1.170541860322539929e+00,1.155322363974129907e+00,1.139429878696990084e+00,1.127432072710349953e+00,1.168666938445930059e+00,1.179310324903199980e+00,1.219780290963899949e+00,1.329749735305790104e+00,1.742595843600390104e+00,1.693212683682739916e+00,1.587304073279099947e+00,1.499558874451820012e+00,1.378106249131139993e+00
1.081946157440899947e+00,1.102866164044639996e+00,1.091637792768969994e+00,1.093366033436570017e+00,1.102206274997330038e+00,1.111234279596110097e+00,1.111354573044099903e+00,1.108604698867809990e+00,1.113829865561140053e+00,1.121577897977509952e+00,1.163600883595989899e+00,1.106233786052549961e+00,1.066994005238889986e+00,1.052416566137239995e+00,1.023604533497030067e+00,9.672251854403040028e-01,1.245466494450240047e+00,1.197441698469730031e+00,1.179895550280759986e+00,1.167334026495219890e+00,1.161179846962210105e+00,1.163427711220540006e+00,1.160231113258739954e+00,1.156308472502810103e+00,1.148074558943249945e+00,1.148318480928820051e+00,1.120248897960629986e+00,1.143668806789770009e+00,1.124839155008350078e+00,1.108260343395649938e+00,1.099332013850129908e+00,1.096477634743370011e+00,1.097515308110529997e+00,1.100674416454239912e+00,1.105143657903169929e+00,1.111307264443009979e+00,1.118429257998549975e+00,1.127413266016670024e+00,1.133488545073769949e+00,1.138048661650759907e+00,1.145513711401690005e+00,1.147141597496770027e+00,1.147432676792569994e+00,1.144631005245660083e+00,1.146100856355289910e+00,1.140360861385270042e+00,1.133336437854580048e+00,1.129315597756429979e+00,1.126023970413579933e+00,1.112376941209529901e+00,1.150750568314869993e+00,1.156705299704400058e+00,1.317407535184550005e+00,1.242052517886349960e+00,1.495115574959829940e+00,1.676547054806279968e+00,1.596314167281789986e+00,1.502022076197720102e+00,1.441285768342420059e+00,1.281008739747210079e+00
1.131146732191669946e+00,1.156519633547010040e+00,1.136467837626470079e+00,1.135088894433859963e+00,1.141258616369120071e+00,1.150993493796119926e+00,1.148828191054170000e+00,1.143949097319229891e+00,1.143571149694400102e+00,1.143027885388369969e+00,1.182301187574410051e+00,1.174012106458409921e+00,1.160622681113880006e+00,1.103528623152810084e+00,1.060338314667840010e+00,1.068475512804710092e+00,1.286266217740249962e+00,1.230164596509579988e+00,1.218844473844540088e+00,1.212407184977650099e+00,1.188106129783790044e+00,1.181230131951209961e+00,1.180931222035080053e+00,1.182602703103410091e+00,1.187419971457319923e+00,1.193294959815389911e+00,1.199392407725669907e+00,1.194592732228610066e+00,1.189527028205749959e+00,1.179948403901750043e+00,1.171099795223750073e+00,1.173936149257380102e+00,1.180890874327999995e+00,1.184570958107840077e+00,1.188566513545390002e+00,1.190431326454090000e+00,1.194229509392799926e+00,1.197866676913829975e+00,1.195221822968659975e+00,1.194535228981729924e+00,1.196608727385680027e+00,1.198895951597030107e+00,1.195115556067549933e+00,1.193855649228549920e+00,1.190081863893750036e+00,1.183289668200629974e+00,1.167498536247530083e+00,1.153066680705099989e+00,1.130216735017119944e+00,1.107621677298050056e+00,1.132893202457770032e+00,1.156477124210649965e+00,1.575064064358399962e+00,1.268660915506560016e+00,1.713944605180349967e+00,1.515693183022660095e+00,1.359550596949000045e+00,1.296520598837910043e+00,1.239133369509050064e+00,1.188576640613419944e+00
1.103186927279860008e+00,1.121341783198759989e+00,1.107435121332549954e+00,1.106938100347709897e+00,1.114409527555819901e+00,1.122441668201699994e+00,1.119623545228040085e+00,1.116650982477300103e+00,1.114981043561700025e+00,1.115814227377760037e+00,1.143079295471240098e+00,1.139130023031430072e+00,1.126876617200839981e+00,1.097466919063359914e+00,1.026440315272459936e+00,9.832968127011529891e-01,1.272803096000350020e+00,1.221593632434819998e+00,1.200715568958790058e+00,1.189773936928939957e+00,1.181198179132660009e+00,1.181291281950850092e+00,1.178152195148860049e+00,1.169288142764070004e+00,1.159303911094589967e+00,1.175565319822400090e+00,1.178711497032300048e+00,1.156109057998639944e+00,1.145819813689340050e+00,1.126817674796859903e+00,1.122063562510279944e+00,1.119484385359960088e+00,1.127648070133179914e+00,1.134940277414979937e+00,1.144241748317410101e+00,1.151819540811769960e+00,1.161209364407250089e+00,1.163995986052960063e+00,1.160835315297390036e+00,1.161426843216710081e+00,1.162807413894030084e+00,1.159971449003730060e+00,1.161416355076329898e+00,1.156671747315509924e+00,1.152997637243839968e+00,1.145157689989189986e+00,1.133034077689140107e+00,1.123037635229860109e+00,1.102895956377079933e+00,1.086078214030899991e+00,1.150545166316409906e+00,1.136318535550790099e+00,1.463175679446159894e+00,1.299746281179130047e+00,1.606870877338770098e+00,1.604832907128070030e+00,1.490586024522289943e+00,1.413007485865539925e+00,1.367719898275820078e+00,1.251672117341239954e+00
1.004533005434709914e+00,1.006755945046720058e+00,1.002592992385739956e+00,1.000960019861039996e+00,1.004846160987489911e+00,1.008993154294560046e+00,1.004125814576219966e+00,9.927774301557970027e-01,9.782960889093670342e-01,1.047888824071220082e+00,1.026882627653320057e+00,1.041581644021339903e+00,1.022975763886369904e+00,9.983291562020120136e-01,9.420757190517700108e-01,1.016967170675080023e+00,1.123235718242659997e+00,1.077411928398420038e+00,1.066366232768440003e+00,1.055677489926690082e+00,1.034428752545510033e+00,1.031379485340609969e+00,1.039459300124399910e+00,1.039023621572570111e+00,1.043267341303109941e+00,1.032455188953079972e+00,1.033261103947280102e+00,1.037371064343989957e+00,1.049546860756229938e+00,1.055776839579259940e+00,1.052924439528009959e+00,1.054804199873039972e+00,1.055830813422730108e+00,1.057338552456690062e+00,1.058164980218369911e+00,1.058917433262209995e+00,1.064222872878600068e+00,1.065056170924790102e+00,1.062165657267599927e+00,1.064370535626679937e+00,1.065136591829070056e+00,1.065895942540900032e+00,1.064420534931499907e+00,1.062889174201389952e+00,1.060322048909249970e+00,1.056689403441720021e+00,1.053509403554379942e+00,1.044588960308139969e+00,1.033359276862870102e+00,1.020193425906970042e+00,1.066268561473709964e+00,1.092631917742199921e+00,1.393097949439090044e+00,1.199638599989029997e+00,1.668035386122399988e+00,1.403638936436750084e+00,1.198055671071400097e+00,1.127089461056709929e+00,1.064315125389929895e+00,1.020988442788540063e+00
9.968767088366959905e-01,1.017604362384610051e+00,9.994747942440279642e-01,9.980087153042950243e-01,1.005023037418149912e+00,1.012877530594529896e+00,1.009190198281920026e+00,1.006099489966560068e+00,1.006857153080880085e+00,1.023516591042409996e+00,1.011095306572219910e+00,1.024419066167630010e+00,1.016558240517769995e+00,9.425707140158440245e-01,9.167418047546399551e-01,9.006474025747750467e-01,1.138278710346680045e+00,1.085485960756789936e+00,1.068363201155390074e+00,1.055480056629779950e+00,1.012814584452589983e+00,1.018006732783439894e+00,1.020538896698699904e+00,1.024823847801419996e+00,1.026262797649319936e+00,1.024879912371780000e+00,1.020771166069450064e+00,1.021200253183039974e+00,1.030629487279109968e+00,1.024397621475040099e+00,1.026896830843460062e+00,1.025222110799820063e+00,1.025730983003620089e+00,1.025793428701490040e+00,1.028045672436840086e+00,1.028957977431260051e+00,1.031264037997259964e+00,1.034151666810799952e+00,1.033011678934449895e+00,1.030310273055849990e+00,1.031900852400120083e+00,1.032317619545429999e+00,1.030159688618299985e+00,1.027496217864199979e+00,1.019479109932750038e+00,1.013993757150940089e+00,9.990370948371279924e-01,9.885329562764649802e-01,9.663503602798629855e-01,9.475020677647170153e-01,9.879605826519619605e-01,1.012476527870749932e+00,1.370954865058549910e+00,1.167199118740289920e+00,1.513272877435879904e+00,1.458514443651909964e+00,1.331319284317389995e+00,1.245716341706309960e+00,1.188879206406310063e+00,1.076352849092619968e+00
1.125969228360000018e+00,1.140496207011540086e+00,1.129308773940989941e+00,1.131506255978810049e+00,1.139980627309999939e+00,1.148791236422640027e+00,1.152734777704969904e+00,1.152571819658229968e+00,1.159705968128170062e+00,1.160868515018760094e+00,1.201444372608690081e+00,1.296740919928480062e+00,1.104989506441709901e+00,1.070816220626020110e+00,1.071632766646239965e+00,1.053135417225280035e+00,1.097212171948269921e+00,1.194194820622489939e+00,1.209669347915250048e+00,1.207902499830080023e+00,1.208664822618060075e+00,1.221746178858450049e+00,1.236962594051369990e+00,1.246685563973499944e+00,1.261198791302089894e+00,1.268262957909819910e+00,1.275268910851119930e+00,1.280232198929359910e+00,1.275122611726259958e+00,1.244110653794100019e+00,1.217960158085579891e+00,1.186825123796019898e+00,1.171304938543769936e+00,1.147035189120999998e+00,1.124191818143609911e+00,1.113902748606989901e+00,1.108629687984590051e+00,1.110017164147530044e+00,1.119193445987950009e+00,1.130775801859319918e+00,1.146265368071099910e+00,1.168568231098940036e+00,1.193138253654949965e+00,1.215868233404830079e+00,1.230586314106020041e+00,1.242648623636479988e+00,1.248786044725560096e+00,1.253527380152100079e+00,1.256335534729700054e+00,1.249990555013740012e+00,1.255989060595529949e+00,1.242218070320010082e+00,1.260811238580100024e+00,1.237899045506690054e+00,1.287924854425730015e+00,1.538783664563549980e+00,1.637904164305640009e+00,1.567754047173649967e+00,1.514145982543259938e+00,1.448929836541680061e+00
