1.031133002808940047e+00,1.042209188697230005e+00,9.455655901210090475e-01,9.942009987062230270e-01,9.831687121894640002e-01,1.036436816958719920e+00,1.029953561185970035e+00,1.016713814466100096e+00,1.010728667512750034e+00,1.544093630020149988e+00,1.338013167462350106e+00,8.884665809532720226e-01,1.031043055749609971e+00,1.056479205434970092e+00,1.544955615489719936e+00,2.661317322982259981e+00,4.008289480280199935e-01,4.318388488436770145e-01,5.584999338290840276e-01,6.535255144331260091e-01,7.060904054461529800e-01,7.866560018612369642e-01,8.770651079251979843e-01,9.958241636497460192e-01,1.145677187706829914e+00,1.188202049106660052e+00,1.209537652669739893e+00,1.273667317547410027e+00,1.277395575831469898e+00,1.282896472115899966e+00,1.272900258795850004e+00,1.279166179431979966e+00,1.279117971192879955e+00,1.273700921029039979e+00,1.242300221207399913e+00,1.267840642590920108e+00,1.297335071957939956e+00,1.349807233542370088e+00,1.424113985128800053e+00,1.504113503679769925e+00,1.590054444197340100e+00,1.722570820205610032e+00,1.845259207294019932e+00,2.000774935693049983e+00,2.229879280154739796e+00,2.556922042889400171e+00,3.108374262244249842e+00,3.706656583301440211e+00,4.328622602689399912e+00,3.979249012079939973e+00,2.410588906785040120e+00,2.350510313066910051e+00,1.269129596645619973e+00,1.263615882793500012e+00,9.919557808037340330e-01,4.749827374521419787e-01,1.248839028243270005e-01,1.173185841788139949e-01,2.932926011727869930e-01,3.933414947444949794e-01
1.131459811126289905e+00,1.120374757233860041e+00,1.038657303746810090e+00,1.110969991194109996e+00,1.088388876518580073e+00,1.149593826799089946e+00,1.160864347109360040e+00,1.163623840750940053e+00,1.024194055770820011e+00,1.722699645026749993e+00,1.030329888138900030e+00,1.059321473657200086e+00,1.196932646773559927e+00,1.178305040511699930e+00,1.655163381844970028e+00,2.479273117200219811e+00,3.562133712051520074e-01,5.112480214445179749e-01,6.346487724432979816e-01,7.468635184438060515e-01,7.931287742716850442e-01,9.410342462877749892e-01,1.116398965507330088e+00,1.310152311771000111e+00,1.361650781298390012e+00,1.378722443238650008e+00,1.295222723949589927e+00,1.294662937567599981e+00,1.285806538958069956e+00,1.273724350833070007e+00,1.287297344725750081e+00,1.327978855852300022e+00,1.373592329939300027e+00,1.403575884377789906e+00,1.400467904834590049e+00,1.451215355880300040e+00,1.500808163509899984e+00,1.569727218456349993e+00,1.662605290602880093e+00,1.766079478403409952e+00,1.879111111533519951e+00,2.018229654892340186e+00,2.180801739418440022e+00,2.365136112120480139e+00,2.644418752651419791e+00,3.034299453846069916e+00,3.572884243679109950e+00,4.036336673125999752e+00,4.224438896334779869e+00,4.152036843998369697e+00,2.462905607017659815e+00,2.722356078312710093e+00,1.513578529405420037e+00,2.045204983723179826e+00,1.190937151399700022e+00,7.351897249488350550e-01,3.658003283368549963e-01,1.667965130393400108e-01,2.580918278961060186e-01,3.700701419697760008e-01
1.213994524423199994e+00,1.319558790567529893e+00,1.079277042089680005e+00,1.173680909115079940e+00,1.156680872323579967e+00,1.248946671422139998e+00,1.266743802294610033e+00,1.291630576565119926e+00,1.327795056208669999e+00,1.527419149550280020e+00,1.196234922044850046e+00,1.054159776798240022e+00,1.232620795482179954e+00,1.181814283966420076e+00,1.679404023966120096e+00,2.592192949537019953e+00,4.151525489078439768e-01,4.817657615709460273e-01,6.518902584535080091e-01,8.319466151007820498e-01,9.948293512214300138e-01,1.197989551196450009e+00,1.378013127343709954e+00,1.517298816603890099e+00,1.505505532925160095e+00,1.493596187123090058e+00,1.432185511951719947e+00,1.473403632783740091e+00,1.452278270780650082e+00,1.436374835218249935e+00,1.445238162401639936e+00,1.497568688991389951e+00,1.566628472916979931e+00,1.629418988240139976e+00,1.655905983879170096e+00,1.737930195858170102e+00,1.829606566057119910e+00,1.932446906887840044e+00,2.074134654153060087e+00,2.252078137083190157e+00,2.484334298062730095e+00,2.669228455331059902e+00,3.059627035150299879e+00,3.335149266779629862e+00,3.338346690508750214e+00,3.154074147423250096e+00,3.252415053851230198e+00,3.392787407422989787e+00,2.750625944473629847e+00,2.444380686257809909e+00,1.380327596783230026e+00,1.235856516800869942e+00,5.946124620381409986e-01,1.036772432774530017e+00,3.388790133116970082e-01,1.550157030631169885e-01,1.549478161093419959e-01,2.607558895370840069e-01,4.163032759238449731e-01,5.131275994363689863e-01
1.117985344029170047e+00,1.168407859802299997e+00,1.012753434174300082e+00,1.083280220300639973e+00,1.078217208649350001e+00,1.138264509100229915e+00,1.118979693026640021e+00,1.112071123698100017e+00,1.062716511950879905e+00,1.188591523203859968e+00,2.337775686848179824e+00,8.917984259761000398e-01,9.714522625431589731e-01,1.107607147424680027e+00,1.899734621153559955e+00,2.512003814099510013e+00,4.741032435331110073e-01,5.922657653669159972e-01,7.308226725827450254e-01,8.109179426074329955e-01,9.137815471669650247e-01,9.974242378203850290e-01,1.034344126794779939e+00,1.098294912351960084e+00,1.146770041407149998e+00,1.253918084802750021e+00,1.304765639968819890e+00,1.429094951365790012e+00,1.524003098290199976e+00,1.684568217299450055e+00,1.625767484046130029e+00,1.715617530946959901e+00,1.790799895254109986e+00,1.827811027180749948e+00,1.792041941549100015e+00,1.787381924935109945e+00,1.890770799165699900e+00,1.906910880709109968e+00,1.980015052214499915e+00,2.088329520256889893e+00,2.191009379980629834e+00,2.268098137134450187e+00,2.369079402892360076e+00,2.359508411542739825e+00,2.263340804718419808e+00,2.139355745493979999e+00,2.163234021155759912e+00,2.130368511308149859e+00,2.014707171096920213e+00,2.000841456831070175e+00,1.626197723178590016e+00,1.608348680810109954e+00,1.004323488757230098e+00,1.337556924392039992e+00,7.013803124832479474e-01,4.232875441040589992e-01,2.628351850738949724e-01,1.889370421993699922e-01,2.844809232506890218e-01,4.456277570050170000e-01
1.110547631395450097e+00,1.202268478129630003e+00,9.748002155388909573e-01,1.042493934902279928e+00,1.040141649832950099e+00,1.085189677287150101e+00,1.089464002503470086e+00,1.076458956057990024e+00,9.110096307649300229e-01,2.489907567841859848e+00,1.224591687283119956e+00,9.249346932793099940e-01,1.109414584625590061e+00,1.155816037019349984e+00,1.797523771519190072e+00,2.395774414653319973e+00,3.921805156195750097e-01,6.153294332444060322e-01,7.384780075254510079e-01,8.246748682606089842e-01,8.596422151738090101e-01,8.987085363191370524e-01,9.325527453166190250e-01,9.995807788382139458e-01,1.076037796354750053e+00,1.148840025220599914e+00,1.152977432127640034e+00,1.247737493532210085e+00,1.296007142323289951e+00,1.301956810965470002e+00,1.299488468077020009e+00,1.300529256990480054e+00,1.324568506125429979e+00,1.360910940294070004e+00,1.351875788581810012e+00,1.396841374869369989e+00,1.433021025392940073e+00,1.486676492481199929e+00,1.567695895250770022e+00,1.673835528058009947e+00,1.771996477799030023e+00,1.905463435810790029e+00,2.077868103965089919e+00,2.228690076489169947e+00,2.407530637549769814e+00,2.706445505410580044e+00,3.207061929779659870e+00,3.714029578252219910e+00,4.043324937593539836e+00,3.952688259760670064e+00,2.856732236876899922e+00,2.629593352352999958e+00,1.696513295253260001e+00,2.036501885501559972e+00,1.384250475847830009e+00,8.251126912581450146e-01,4.536954214782309980e-01,2.138524632129019942e-01,2.043934688339699990e-01,4.152739598847209890e-01
1.127664813694450041e+00,1.015253076953319900e+00,1.024268629621130078e+00,1.093856186614049930e+00,1.062708026657920080e+00,1.124778013903330098e+00,1.098686880397450105e+00,1.076396305351869920e+00,9.762933026027500460e-01,2.016946671510130074e+00,1.667538206546159918e+00,9.688962510612419976e-01,1.120499500861140030e+00,1.152733934748289890e+00,1.698403020444579914e+00,2.816092170806370198e+00,4.692229072002129797e-01,4.675272818797829855e-01,6.170029591478209952e-01,7.259580720504910101e-01,7.901866590382790045e-01,8.986855632311959718e-01,9.138570489718620404e-01,1.027359490606239989e+00,1.052687667309160080e+00,1.206532246987100043e+00,1.218046687453679944e+00,1.330555356089919927e+00,1.360070508609839912e+00,1.366820139571649939e+00,1.342679002561169899e+00,1.313857560440490069e+00,1.278352936411029983e+00,1.251404749015210038e+00,1.235006497555050098e+00,1.276267101951860106e+00,1.317059365071099997e+00,1.376369727771749929e+00,1.458350474848199907e+00,1.550517176643769979e+00,1.636685052262869977e+00,1.757164341785240058e+00,1.883253151332259900e+00,2.011536837014729961e+00,2.203179945161939823e+00,2.471345987551619938e+00,2.887114566915879976e+00,3.296019738047870185e+00,3.580710685695970064e+00,3.484828100479900215e+00,2.486894072674890044e+00,2.661174171791050203e+00,1.597965587668429999e+00,2.032583213745529971e+00,1.407547339510790030e+00,8.840692617627480265e-01,5.154288693434210256e-01,2.799478311689480026e-01,2.535763918808089934e-01,4.299012111524310176e-01
1.113910377791430095e+00,1.035234825396130098e+00,1.012360246734810065e+00,1.079520478815590101e+00,1.052287147579850091e+00,1.102271321284649996e+00,1.081949120013040000e+00,1.030824262899640020e+00,9.000896642238890299e-01,2.642022910657990220e+00,1.549761168994219895e+00,1.024291759801639889e+00,1.169029212003179996e+00,1.125546890756430107e+00,1.668680135958340083e+00,2.803878662766630114e+00,4.779103092220710058e-01,5.371448724983800549e-01,6.727067309438460319e-01,7.633838640296789491e-01,8.231648993512470369e-01,8.856550217761299804e-01,9.134254811737809732e-01,9.462449535839819736e-01,1.007433602232060021e+00,1.111739955086759934e+00,1.128273742739940078e+00,1.228611786989729948e+00,1.240966824296779958e+00,1.269904929614839917e+00,1.293328680987269941e+00,1.345678741051840044e+00,1.386802898944720086e+00,1.416393039094719919e+00,1.398405399610120003e+00,1.399321646587809997e+00,1.358010717856720007e+00,1.310689962199659941e+00,1.307301850490899975e+00,1.348624574756299932e+00,1.388472140423419932e+00,1.464890850479269924e+00,1.551986761620520072e+00,1.648670315047449986e+00,1.768528360899789931e+00,1.952378213322359946e+00,2.241437512720759972e+00,2.538491113714420155e+00,2.908803413519780001e+00,3.158885860949439905e+00,2.521474232513570168e+00,2.644320392189409841e+00,1.525961138314489984e+00,1.940594794200499962e+00,1.234011237033570074e+00,6.829376808481210093e-01,3.152343144739039871e-01,1.114188332191650005e-01,2.373980957939010039e-01,4.400147428207499822e-01
1.116390198116310017e+00,1.010801779428430081e+00,1.008217892601080079e+00,1.091229020960700069e+00,1.064130207006219964e+00,1.125522266050930087e+00,1.095758429700119940e+00,1.100273608082140031e+00,9.152276590779230281e-01,2.013960784198769893e+00,1.248308128201129907e+00,9.540350505635090128e-01,1.116232466413950020e+00,1.141793546255519987e+00,1.646619549029610052e+00,2.320221195093609801e+00,4.215575274556270235e-01,4.435237870669169746e-01,5.943957890984570280e-01,7.892122651121590282e-01,9.323736737293529808e-01,1.027635130863360002e+00,1.197415106657139905e+00,1.310649650590800075e+00,1.334873147658790060e+00,1.374579185328149933e+00,1.342280196641040035e+00,1.360858759091269965e+00,1.334391512125669976e+00,1.287613960919729905e+00,1.255120433679310032e+00,1.268142800851699947e+00,1.298844312932770029e+00,1.342180355705860029e+00,1.343779979563910043e+00,1.396162285281230098e+00,1.447368985012760012e+00,1.509611747014379945e+00,1.598420419239160006e+00,1.709781332349320060e+00,1.814195716676719972e+00,1.982169953078880109e+00,2.164225540365300127e+00,2.393137731400719836e+00,2.576849380407149948e+00,3.063967997869950111e+00,3.994119321066059936e+00,4.855888761666269815e+00,4.948849389579059732e+00,4.450478194642940366e+00,2.616124783992189951e+00,2.633185073226259831e+00,1.451509774771190031e+00,1.819079181866779971e+00,1.166166674049059937e+00,6.994819724198160227e-01,3.406616662987270172e-01,1.813624726151240041e-01,2.804613596287079957e-01,4.251383578643079808e-01
1.176381332014289960e+00,1.125767201761000091e+00,1.086241727071159957e+00,1.163105114191490097e+00,1.143085365553430099e+00,1.213501273940190028e+00,1.213567175033180012e+00,1.227287009709300047e+00,1.184316078151050000e+00,2.143926676369070083e+00,1.439087034155299927e+00,1.032210145360219933e+00,1.200099923658090040e+00,1.231813776934439941e+00,1.814307734187760035e+00,3.051312636172830217e+00,4.447489518331300129e-01,5.700129675503470272e-01,7.079646110264850023e-01,8.271316234730039518e-01,8.851424824706339844e-01,9.888133903965670157e-01,1.000759977562639902e+00,1.109903660044639917e+00,1.210172966998489974e+00,1.307792877973829926e+00,1.314229652650990010e+00,1.403288323033129892e+00,1.441249146287399974e+00,1.437730622409989945e+00,1.411746124388850054e+00,1.399324482264100000e+00,1.390742037325839897e+00,1.386143504286889927e+00,1.388152745091230100e+00,1.435021650283690109e+00,1.477079767848110015e+00,1.543710477967829897e+00,1.643073266615519890e+00,1.754554667548680058e+00,1.886786010392859980e+00,2.009469889901549955e+00,2.203852379439709797e+00,2.381553221528729836e+00,2.653747319548279915e+00,3.052751858849600097e+00,3.666371019673829945e+00,4.245062736188789820e+00,4.621632704428820126e+00,4.252310536355629722e+00,2.832930644323000013e+00,2.866221095160499832e+00,1.690591933665420044e+00,1.770039159246090010e+00,1.515877307130969909e+00,9.264622160306279497e-01,4.865772004694839947e-01,2.800665107013750044e-01,3.626284757317230212e-01,5.039611046339830258e-01
1.006612964901310026e+00,9.870524168205579985e-01,9.288526883990959604e-01,9.790174039374109904e-01,9.770706438644279901e-01,1.037851613543830043e+00,1.057455648057489928e+00,1.071821880457120013e+00,1.072760775723649918e+00,1.027392123076620090e+00,1.079871495078049914e+00,1.003427473960859961e+00,1.112227602268579973e+00,1.083872827858610055e+00,1.498843011845240047e+00,2.184219245558320033e+00,3.466139626822100084e-01,5.532062382389919541e-01,5.515239741780609828e-01,6.971206284056310487e-01,7.953079379020130402e-01,9.120549029074870306e-01,1.056092074114129975e+00,1.151481805024380023e+00,1.178638571646720035e+00,1.165311097630719939e+00,1.129231945394709946e+00,1.160177524958529993e+00,1.171259826312289976e+00,1.185921147946219945e+00,1.209769826482570032e+00,1.265585433973269947e+00,1.309236926278759983e+00,1.363176032235789981e+00,1.376693883438699917e+00,1.398650123058930106e+00,1.474689776561439958e+00,1.557872959634460042e+00,1.660261100817159940e+00,1.773538807544970064e+00,1.935640697907520025e+00,2.102400348655519835e+00,2.237149420499489949e+00,2.364515204488269795e+00,2.530062106058240001e+00,2.669893204530810138e+00,2.954412586345899872e+00,3.334049536458310037e+00,3.822379920572230194e+00,4.018189117438110358e+00,2.448573231127030070e+00,2.516896756843010063e+00,1.321360372338729938e+00,1.634034323464859995e+00,1.047499068367339969e+00,6.560173087508269774e-01,3.270247266687659748e-01,1.710533177198350074e-01,3.158975782849610114e-01,4.657851973440629845e-01
1.084753555165959948e+00,1.013868603708319993e+00,9.827900910813229807e-01,1.077816291891880107e+00,1.071923311614070062e+00,1.152530612657749920e+00,1.191018485797340043e+00,1.222825334305090106e+00,9.691200712544110196e-01,1.671570586806490066e+00,1.116302605645429935e+00,1.024078302669130025e+00,1.235617542536030067e+00,1.172737419115440050e+00,1.861343050146800016e+00,2.770197527476289778e+00,4.230453190409810271e-01,5.646667722697029657e-01,7.336520091566489654e-01,9.007514529050859586e-01,9.968021724002259498e-01,1.144533735405780073e+00,1.296811539317149986e+00,1.391316032248629986e+00,1.449029148689249924e+00,1.506742783630020011e+00,1.456868711945259909e+00,1.522123215759570103e+00,1.490042167890800018e+00,1.521522210349010029e+00,1.571440692687710028e+00,1.676213317306390005e+00,1.795055263066430040e+00,1.911592629242510055e+00,1.980992216626549896e+00,2.108056728086320053e+00,2.242471173019000119e+00,2.375386513281600109e+00,2.458957764262899914e+00,2.495439437374909808e+00,2.410929858073219911e+00,2.391101070316250077e+00,2.300168645966279790e+00,2.164398183813430077e+00,2.068968092211660004e+00,1.963337686151610084e+00,1.875378421211020052e+00,1.651500800185000006e+00,1.390551311171670079e+00,1.297128887228190086e+00,1.110169838393509911e+00,1.031523325583350026e+00,7.221114507121519921e-01,7.621564026030489547e-01,5.573746993014490059e-01,3.160993892903020130e-01,1.919789593226060020e-01,4.882655697298429742e-02,1.364047000517299990e-01,2.749310305076579919e-01
1.026039214338819949e+00,1.021443492528349983e+00,9.336949967809570206e-01,9.969314310163079895e-01,9.793538303338590323e-01,1.045285046860960021e+00,1.047142836372700003e+00,1.072611288759039994e+00,1.118050201771360053e+00,1.294989301079850108e+00,1.145423828026129964e+00,9.499600855098090380e-01,1.091348112184379993e+00,1.066659123736140025e+00,1.569988591130349942e+00,2.589580121386350076e+00,3.421967331095749909e-01,4.152485450948619761e-01,5.698273355011860275e-01,7.331301535279679538e-01,8.654081556552809529e-01,1.066174305200519923e+00,1.105811935186199912e+00,1.232892950766010021e+00,1.312743374623090098e+00,1.298139824216590021e+00,1.251428078880640005e+00,1.294332694051139931e+00,1.266436567808630009e+00,1.238775332041700095e+00,1.220143395756730031e+00,1.230714951385500022e+00,1.254574580572840103e+00,1.298710772848739925e+00,1.307449719069269989e+00,1.366401388845609910e+00,1.428928026439929999e+00,1.504086392157629959e+00,1.620469107782319895e+00,1.749068171278520101e+00,1.931686088156620018e+00,2.021487238414799936e+00,2.248916732389610207e+00,2.351772764221609968e+00,2.488279255562369841e+00,2.802586334960599945e+00,3.403940134489110036e+00,3.674299211825399869e+00,3.565866498419210107e+00,2.950757411924310070e+00,1.771572571762940029e+00,1.702682963889420087e+00,7.722683343734210171e-01,8.183776240569929916e-01,5.226494642023490345e-01,1.466527736778359958e-01,7.423408524356629734e-02,1.738075928159840133e-01,3.181233825982869856e-01,4.365609523948930093e-01
1.104370306746000008e+00,1.229307357676370005e+00,9.670625672914250348e-01,1.040922241733230003e+00,1.045707752754339914e+00,1.111211871312330013e+00,1.138654723318750062e+00,1.188613346154749895e+00,1.259493695750169895e+00,1.117755272735430072e+00,1.163102912893460017e+00,1.058392321074560050e+00,1.151527109748530009e+00,1.076475623389280045e+00,1.362498586995479988e+00,2.073754346376630142e+00,1.729564412434930087e+00,2.966406765224109954e-01,5.531322147198930450e-01,6.375929646094470327e-01,7.547243910811729517e-01,8.130677538300189466e-01,8.451106407954589450e-01,9.212080969184930357e-01,9.608785280798309847e-01,1.095864102171129950e+00,1.133401880740620093e+00,1.205806420704659931e+00,1.243502327353150028e+00,1.232265792946650063e+00,1.229019912972910022e+00,1.195152863067860061e+00,1.209331302318169987e+00,1.241736138555370017e+00,1.257100448137060011e+00,1.304216265065970104e+00,1.336092339769229920e+00,1.394226035825979926e+00,1.450610892977560074e+00,1.540657507067739962e+00,1.595180702554890084e+00,1.713507549479660108e+00,1.837000835544329913e+00,1.946736689241830076e+00,2.097003286593480009e+00,2.297429415144029985e+00,2.565190760346169885e+00,2.819915942704450007e+00,3.060943896327310121e+00,3.156631723758180019e+00,2.681164228279790063e+00,2.555377868342509906e+00,1.888375059967599912e+00,2.089673918336989900e+00,1.674157125517770073e+00,9.938682616333910369e-01,5.509000372082729635e-01,2.524841187748280147e-01,1.356633166679239999e-01,2.928152492673199991e-01
1.069425315950820021e+00,1.178239468121949907e+00,9.322077506880529496e-01,1.010197403458430010e+00,9.918625659700359698e-01,1.058542828782299994e+00,1.044071969421600077e+00,1.057669987075650075e+00,1.026379061436059947e+00,7.745187960639700053e-01,4.157017175898509720e+00,1.091458775766819933e+00,9.395996839959109836e-01,1.006584849288850059e+00,1.379780791537460027e+00,2.159455293634660045e+00,1.163659773919399898e+00,4.214047473626599816e-01,5.147641383893479805e-01,6.492393098040919464e-01,7.449197143037550317e-01,7.911292234298680226e-01,8.361473633371440117e-01,8.885896262669129575e-01,9.008531744754939563e-01,9.702618079257180339e-01,9.887515826912920414e-01,1.051468575039929965e+00,1.190826303669040076e+00,1.247006745855580023e+00,1.271375372275129978e+00,1.289924483190030058e+00,1.317504638855830024e+00,1.316137427292420004e+00,1.292129389876119916e+00,1.291023110175750110e+00,1.289499805116020026e+00,1.325317126900779963e+00,1.363100973416849993e+00,1.423387171668829998e+00,1.509303025758810035e+00,1.582725642013490086e+00,1.718066431992379961e+00,1.814864863527559935e+00,1.934716932173710102e+00,2.139903181644060126e+00,2.440350210558820176e+00,2.773145051499190217e+00,3.082207932099569891e+00,3.118815902996160183e+00,2.692571404575910154e+00,2.367784341797760206e+00,1.818338139718580049e+00,1.919731922759619902e+00,1.600840854649820066e+00,9.366968088690029726e-01,4.530670384659349903e-01,1.589804793286349882e-01,1.548866204640770017e-01,3.453382789712909906e-01
1.097516832333869985e+00,1.219509680100510085e+00,9.956977376131960211e-01,1.043747442285640092e+00,1.040366729952350022e+00,1.094852060953670048e+00,1.074417785359609967e+00,1.094020196939559986e+00,1.066350280239950044e+00,7.925599192313289576e-01,2.487654909786829904e+00,9.225720771997230063e-01,9.901130685138109788e-01,1.053146678661539992e+00,1.601515844580750025e+00,2.377669893724279948e+00,6.176035166200659621e-01,4.858169579269430161e-01,6.520979364694490243e-01,7.286537763669950207e-01,7.770261638379549751e-01,8.641356533672830409e-01,8.854568357052250427e-01,9.266912671687429492e-01,9.309924942408149828e-01,9.646287182112399661e-01,1.005445283469390105e+00,1.089050747003460051e+00,1.174163025776850056e+00,1.223850259526880091e+00,1.240834287192390084e+00,1.289459002089480055e+00,1.328616277416670099e+00,1.300828714111659901e+00,1.297074573384620066e+00,1.296255083981830092e+00,1.300471981655199949e+00,1.321136510307310052e+00,1.343668344917789970e+00,1.417845903447829903e+00,1.472697516353709934e+00,1.540760296088999892e+00,1.641382972713570032e+00,1.707797041649850023e+00,1.824656256135120058e+00,1.993084150889329997e+00,2.235793794416709890e+00,2.501111786430980199e+00,2.782872598197000169e+00,2.937566760584359837e+00,2.650961473482889907e+00,2.455661267019340066e+00,1.916176626034040043e+00,2.064351477428469916e+00,1.639554331858980030e+00,9.587980766284599499e-01,4.525638818157919907e-01,1.991609539674210061e-01,2.785728939454359954e-01,4.384794762202119944e-01
1.012732347535109989e+00,9.783143861314029799e-01,9.224144213116319824e-01,9.948569975991700121e-01,9.955039402484060496e-01,1.066006536904759994e+00,1.071220801474070061e+00,1.154251198497260100e+00,1.317791993921519911e+00,6.901167386950719518e-01,9.485744401915710000e-01,9.235703909926790134e-01,1.033015649671719993e+00,1.026818676066340030e+00,1.449067824253090109e+00,1.861979363396899956e+00,5.018924115705980515e-01,4.489114819890929753e-01,5.782675865091220224e-01,6.951442872208889456e-01,8.408862269579570059e-01,1.024732661541319922e+00,1.128294064880029923e+00,1.202831258570040029e+00,1.225178065842390085e+00,1.277562188814699962e+00,1.241042036377109969e+00,1.263565879398669933e+00,1.235347684005799973e+00,1.231853435916149930e+00,1.198964386356939915e+00,1.219080288989129901e+00,1.250256720844650005e+00,1.285283474987209962e+00,1.297520749640459936e+00,1.350211435393080084e+00,1.384251086973830036e+00,1.452776892731949987e+00,1.537657617149019940e+00,1.659591260652359956e+00,1.783559294662999894e+00,1.846981836503220009e+00,2.104338368919250080e+00,2.329626569108569800e+00,2.529737064733430074e+00,2.990408799748700108e+00,3.832080221493619820e+00,4.760537752063430439e+00,5.133423715118039965e+00,4.429813051165799820e+00,2.454473418699159915e+00,2.262310980610210187e+00,1.230114127918350064e+00,1.313522934769060013e+00,8.897644408468939892e-01,2.095359395294660032e-01,5.148980431946750119e-02,1.658387526462709871e-01,3.277538225538769723e-01,4.346634697973080219e-01
1.062531463831569933e+00,1.198857201260369987e+00,9.571883592231820170e-01,1.015647295673999917e+00,1.012381023183789974e+00,1.049212176581040046e+00,1.070582298697390078e+00,1.090222609171360046e+00,1.131400980236570097e+00,8.826817413238809973e-01,1.346978683269840049e+00,9.848148238336830174e-01,1.138149774241490109e+00,1.104364357484590053e+00,1.608701911516090099e+00,2.415849988144119997e+00,5.136025472054589480e-01,4.608371982911089737e-01,5.871569861864409656e-01,6.792375580244159883e-01,7.239377139095689584e-01,7.822302498067049692e-01,8.080226610870989701e-01,8.719236552681810526e-01,9.752087350615600281e-01,1.079791600436720067e+00,1.084538994515870103e+00,1.195671411844370091e+00,1.227461413619640007e+00,1.269366421894490005e+00,1.301063294426819894e+00,1.344901564870379929e+00,1.366938928272569909e+00,1.359953766643339890e+00,1.302242606884359999e+00,1.282628704057809932e+00,1.272916961021469895e+00,1.304137047923469961e+00,1.358930361167310030e+00,1.444422910274189897e+00,1.518425115200690012e+00,1.613668552533709999e+00,1.737490050215930060e+00,1.844718349906200094e+00,2.081757184250229820e+00,2.116600013191249907e+00,2.496253890801800157e+00,2.877567465188029860e+00,3.278409487153429946e+00,3.353582955892790096e+00,2.973398474749179954e+00,2.914741593620980176e+00,2.007558614860169843e+00,2.043718308258629879e+00,1.733375173849130091e+00,1.064666839179559954e+00,6.065260012708779680e-01,2.739245889465160011e-01,2.107681225003960046e-01,3.530856854956139768e-01
1.042526590947900011e+00,1.083624040284510093e+00,9.528849167380879503e-01,1.009069353462300089e+00,9.946188482038590406e-01,1.043396827463779930e+00,1.028109478382879916e+00,9.891841305360189462e-01,8.266518909285229810e-01,2.965405105521270013e+00,1.553360123754589983e+00,8.494473819640380174e-01,9.608119507831009987e-01,1.031117423677389899e+00,1.662450528398000005e+00,2.494764408166739944e+00,4.149394146985839749e-01,5.510424071746410357e-01,6.699728198266640122e-01,7.560347025417210043e-01,8.017318011855939508e-01,8.514807723487990421e-01,8.805734060394450058e-01,9.120071402168099528e-01,9.582654985927999691e-01,1.024529630392879920e+00,1.036873586695459926e+00,1.127286511656069967e+00,1.190310805026520091e+00,1.234408358636390091e+00,1.277580409681380091e+00,1.336131567637270035e+00,1.375828154047380014e+00,1.393379290160539963e+00,1.365352474555040052e+00,1.377958877089509926e+00,1.385944152488310044e+00,1.410523114461190053e+00,1.465046828794509981e+00,1.539890775589330074e+00,1.616176684143689979e+00,1.649261640303429921e+00,1.787004506814140026e+00,1.906495337887150088e+00,2.049939248521119861e+00,2.268761369858470101e+00,2.616955077911479854e+00,2.959261832673469872e+00,3.253361158748000026e+00,3.319423929942200147e+00,2.590517636775750088e+00,2.595056124265810116e+00,1.663969990692500067e+00,1.892500037319269968e+00,1.464365481860739893e+00,9.052613383275419645e-01,4.527560653036489802e-01,2.494614900636870081e-01,3.283180808890179825e-01,4.483500029809779908e-01
1.121265761050959986e+00,1.069710485526019994e+00,1.015336670854450007e+00,1.077001735209889954e+00,1.062197814213990066e+00,1.110621864256349900e+00,1.088406830979069984e+00,1.087940827345200034e+00,9.098456590165640012e-01,2.668024695845740091e+00,1.123672614483750110e+00,9.297639239008209655e-01,1.093191054794860007e+00,1.096411260335409921e+00,1.567319686912310051e+00,2.542293362345239949e+00,3.284260510977090042e-01,4.558791896934190069e-01,5.924164474675740477e-01,6.994920772430529565e-01,7.671268190694160438e-01,8.747159447359089679e-01,1.047565760947279934e+00,1.204047039250480067e+00,1.269976664839409963e+00,1.301450537089180015e+00,1.263125318321280055e+00,1.286848249737940098e+00,1.293635638090919970e+00,1.271947712128340013e+00,1.287771134291370023e+00,1.304757154925259899e+00,1.308762050685239986e+00,1.314547580740369925e+00,1.303738805537300038e+00,1.331383657944620102e+00,1.364989441177629992e+00,1.419254968513550041e+00,1.444767544868110098e+00,1.554460521486209945e+00,1.645098237520449924e+00,1.761813057321389930e+00,1.880666621788370074e+00,2.027532325113059919e+00,2.251035031650329810e+00,2.575306937024090193e+00,3.028140793052029878e+00,3.605037608128990101e+00,4.135271257034239589e+00,4.029547063490610093e+00,2.462887277732309865e+00,2.407880001385750202e+00,1.315473274757390065e+00,1.683642647174530049e+00,1.097120619318489920e+00,6.197562691108730037e-01,2.988524376150200057e-01,1.256053805657159905e-01,1.981605105185030025e-01,3.828838712436299918e-01
6.734947202674980149e-01,7.497580896070049628e-01,6.341297810695739612e-01,6.666667462131089517e-01,6.742702683008090503e-01,7.396703953148899835e-01,7.845113798560779950e-01,8.943865093173000158e-01,1.275071523956059938e+00,2.206969752583710087e-01,6.706767902709900309e-01,4.505187995217729835e-01,6.228151841427269630e-01,5.986701477516610526e-01,1.277816583731079980e+00,2.243978004540640114e+00,5.136916153191519729e-01,1.087882656441030021e-01,1.794916628219730137e-01,3.011936779391289898e-01,5.070433443078230518e-01,7.082893607479819886e-01,7.801364713272830320e-01,8.521160314082449894e-01,8.741396017569960097e-01,8.706744908964589857e-01,8.321009048218970250e-01,8.221820344660040192e-01,8.267245120059000252e-01,7.754304847787559796e-01,7.674897138317190448e-01,7.909119787874809848e-01,8.097727832551889771e-01,8.286490561909539698e-01,8.179122792331050551e-01,8.471230710246360207e-01,8.645400568850539758e-01,8.955539222078949813e-01,9.557971205762579858e-01,1.029882817496619918e+00,1.081963875566720024e+00,1.157342677533800046e+00,1.260468099213780002e+00,1.362407411348949937e+00,1.516062102656450028e+00,1.755797627014660023e+00,2.128779946108620091e+00,2.621389969459920088e+00,3.294432740946489968e+00,3.379574360423689861e+00,2.197119636261620101e+00,2.074769634302649823e+00,1.238409424727330066e+00,1.160889487002279896e+00,1.070310574885900090e+00,7.282299790306560050e-01,4.626591367612840067e-01,2.997508483492949960e-01,2.700766127811279893e-01,2.553255003464819928e-01
1.179690445966079970e+00,1.240166289988829940e+00,1.083627694928670060e+00,1.154451827096919958e+00,1.139955493643239892e+00,1.196750564465699940e+00,1.175992070561540093e+00,1.169558119560059950e+00,1.109559413095279945e+00,9.729595126454170240e-01,2.460659207531350035e+00,1.042516604906509992e+00,1.044683073874220103e+00,1.206317599400120066e+00,1.902442117742130012e+00,2.940221103556130089e+00,5.279624645140410522e-01,5.985951806793570196e-01,7.431042078008219809e-01,8.425068418790759850e-01,8.767953810192880004e-01,9.651908900223240551e-01,9.880676996122550459e-01,1.029300059328289940e+00,1.067518834985260012e+00,1.108429551248250045e+00,1.125834148325910000e+00,1.253740557906360076e+00,1.529210019170730073e+00,1.443106113703910065e+00,1.509692971750860035e+00,1.572302657094770018e+00,1.597901619123230033e+00,1.603669783270210036e+00,1.538225539987029933e+00,1.494086714100729907e+00,1.423758647122749910e+00,1.398615407211269979e+00,1.400381081186379939e+00,1.448034186221250019e+00,1.453615400612479958e+00,1.551642936664070049e+00,1.656203931396190043e+00,1.739000853372079991e+00,1.865998368511240013e+00,2.049953285331359787e+00,2.329792644618999820e+00,2.657553154618899960e+00,3.089840713465520139e+00,3.348180214317760139e+00,3.286285777408529896e+00,3.199371497393820096e+00,2.226468082536179782e+00,1.963616134170860006e+00,1.886316125839319957e+00,1.124156762436919976e+00,6.302744986635270275e-01,3.050432589689009988e-01,1.785626129195339862e-01,3.588839849980420271e-01
2.825137510794399859e-04,5.620624447298960304e-04,5.219919906454040031e-04,5.125017051873160439e-04,8.902979468050640013e-04,1.176569116814989895e-03,1.198837545940900032e-03,1.256907224950369996e-03,1.622116039288230057e-03,1.619451825949400070e-03,1.191823159008040083e-03,8.283986913880529756e-04,1.186859196743239933e-03,1.130019031700069988e-03,2.177912315013299897e-03,3.321241427450890172e-03,1.676494921593189944e-03,3.843849310773109922e-04,3.734240282667640053e-04,1.119351750472379970e-03,1.112969605461049897e-03,1.997812950838590007e-03,1.402682037535840035e-03,1.978768686168380034e-03,1.932455327873830106e-03,1.624036657629510019e-03,2.077983325905970007e-03,2.153331232800689832e-03,2.305067907109859936e-03,3.873037616475180113e-03,2.998836869696949823e-03,3.571295354966259883e-03,3.361644304912579997e-03,3.463283752832800166e-03,3.469300485455109953e-03,3.071489401570500107e-03,3.333576023733669964e-03,3.432658537182809843e-03,3.599205351022240207e-03,4.026750744315859762e-03,3.966885732919800227e-03,4.849687000056760247e-03,3.221225709945169796e-03,4.706950129328400095e-03,4.215475303802779586e-03,4.171754548044219989e-03,4.524383735062529818e-03,5.283104496886699593e-03,5.733503856404399690e-03,6.080538006132000205e-03,4.842724032733329576e-03,4.773845213537989893e-03,3.321112729817120128e-03,2.673112706140809945e-03,2.356568075583060067e-03,1.445216224084669909e-03,5.493680767770830120e-04,5.207149446686719840e-04,2.702145089014770145e-04,6.737321807010550508e-04
1.126935980742969967e+00,1.131863666040000105e+00,1.017685719848449910e+00,1.075524391956290016e+00,1.083276515600100076e+00,1.153600543561750014e+00,1.185793952546110086e+00,1.273954904573540103e+00,1.668543633277580041e+00,2.727819987225260090e-01,1.173000284222839973e+00,1.170959024550279892e+00,1.280510273502379892e+00,1.075952045387019940e+00,1.537179450489710053e+00,2.230468312344359827e+00,2.531398392514169760e-01,4.518216339398459791e-01,7.555240662239459670e-01,1.027005903400949993e+00,1.106287346358109991e+00,1.164391659827070047e+00,1.194839839569959983e+00,1.225600157180829930e+00,1.256967907199110002e+00,1.271847538742959971e+00,1.234047875724709975e+00,1.237630253066009933e+00,1.257173547936339952e+00,1.257408216222180020e+00,1.234609722437860047e+00,1.243594177638579934e+00,1.264808769480670003e+00,1.293752844174459904e+00,1.299387752672380048e+00,1.338942035930080099e+00,1.378040095222980099e+00,1.436882341008800079e+00,1.514419353989560069e+00,1.618446212366559944e+00,1.703297474106620024e+00,1.835941751117839971e+00,1.993439209295500003e+00,2.172033382854460015e+00,2.371947185038190131e+00,2.747179710513619977e+00,3.437272907240259912e+00,4.311358396430329698e+00,4.984427255192829698e+00,4.620591982737289882e+00,2.568334761630980179e+00,2.428249463108489881e+00,1.372229845734779907e+00,1.674771750512419999e+00,1.147465204794839932e+00,6.874640452154779924e-01,3.034407476475070031e-01,1.501988822187670103e-01,3.035751476927719961e-01,4.451753374007320074e-01
1.039605694363759936e+00,1.200065390269019927e+00,9.210844595760230291e-01,1.010792721128489946e+00,9.889939850322320147e-01,1.085161323420750001e+00,1.058065247252979901e+00,1.171426589528629991e+00,1.271428714938870108e+00,5.015681424009750256e-01,1.182398904646090099e+00,1.103261705508919999e+00,1.165316492545809934e+00,1.082935289932730027e+00,1.546375041918979898e+00,2.190276693226770099e+00,4.182959531789929852e-01,4.901311700123779924e-01,6.465528544186920357e-01,7.458043244157209761e-01,7.960383414028670002e-01,8.723444585863669998e-01,9.305505649944789681e-01,1.049069971997109940e+00,1.090678134937900001e+00,1.126600163268999921e+00,1.130409190507160044e+00,1.205866792094510087e+00,1.214538879241020108e+00,1.198041931996689957e+00,1.194702049411320077e+00,1.220454975388439944e+00,1.256948093867749972e+00,1.293997342459850097e+00,1.307137235623790028e+00,1.358419620935739980e+00,1.383510042882569957e+00,1.457527521728730013e+00,1.558113468430559978e+00,1.691387123203689891e+00,1.707508173014989916e+00,1.821220361648369979e+00,1.999853207989499948e+00,2.137224201542499813e+00,2.329676749613370124e+00,2.572409131046879960e+00,2.936850689866569830e+00,3.270161529978079962e+00,3.542851304235890009e+00,3.673793819595709831e+00,2.720112756398429976e+00,2.633767327310160056e+00,1.680729037521299984e+00,1.995633632156289972e+00,1.467499673005439931e+00,9.294343938348329504e-01,5.160954690391710287e-01,3.196749047333249938e-01,3.644617344834970019e-01,4.408619359900169954e-01
1.133489568348029941e+00,1.136724580037250076e+00,1.029090070175340044e+00,1.102148443183899928e+00,1.092101950436259905e+00,1.190614287039140073e+00,1.222613337449840021e+00,1.340683423151129983e+00,1.688542624921050006e+00,4.258194570592450101e-01,1.177460258939059923e+00,1.145136626522520018e+00,1.273286442075399982e+00,1.142109752907970011e+00,1.782292285923700037e+00,2.489147959192779869e+00,2.534074429022730168e-01,4.173670110404020250e-01,7.082208391245919943e-01,1.032679296933100010e+00,1.100668080403720106e+00,1.250826294432050068e+00,1.287400669403240050e+00,1.334135646380959939e+00,1.361665107128779972e+00,1.398581402535610030e+00,1.366171881835309909e+00,1.410534697428730055e+00,1.399787771802889935e+00,1.409524466536099974e+00,1.429232573551499907e+00,1.485046089864449970e+00,1.550321678320560004e+00,1.611680298315580018e+00,1.641097066921080039e+00,1.727261498035230103e+00,1.774468847079960110e+00,1.869562048868609994e+00,1.984904046587649962e+00,2.142742935875809884e+00,2.255246436265609944e+00,2.392478779940749867e+00,2.581607260101180135e+00,2.668728470395460128e+00,2.511057775948990045e+00,2.539765606743249915e+00,2.744686409145109973e+00,2.899558487618699942e+00,2.906668357178920026e+00,2.577514697149350109e+00,1.645644286263169942e+00,1.533144473109079975e+00,7.203610753783830090e-01,1.107018521137629996e+00,5.862160044340259946e-01,2.527095869088960001e-01,1.338917646997790090e-01,1.429345020080479978e-01,2.745260965946739740e-01,3.971079449833709862e-01
1.042001562702949968e+00,1.077150165182759967e+00,9.489673539992850015e-01,1.015347953895010091e+00,9.971275558674109751e-01,1.047484095349449973e+00,1.036018495401550110e+00,9.939322905141729780e-01,9.593945444998129846e-01,2.147250396535690165e+00,1.071970416385040092e+00,9.717554160663389728e-01,1.122139407968369973e+00,1.113393733019170107e+00,1.560517249740519974e+00,2.688663615574789834e+00,3.247280191371380020e-01,4.835752296020849883e-01,6.182959783560250111e-01,7.024151573862069675e-01,7.029164495560510373e-01,7.940175646792430042e-01,8.685429903452950295e-01,9.708017546430800504e-01,1.113895714150650029e+00,1.197226525487520066e+00,1.230273867350230033e+00,1.302558421918190046e+00,1.227533264574790062e+00,1.270396265338239905e+00,1.258191017682219970e+00,1.271137254823720086e+00,1.283290324858419984e+00,1.285524814237650082e+00,1.248612558749730095e+00,1.279037615290820051e+00,1.308162786657069976e+00,1.354265052125289914e+00,1.423725838032980029e+00,1.519298695053860060e+00,1.593907568683299969e+00,1.702167287052730016e+00,1.836757742854820075e+00,1.985702474811640084e+00,2.172534592034120138e+00,2.481141606243840059e+00,2.923886034054250072e+00,3.172899174026260205e+00,3.328447960067059785e+00,3.143896333376599905e+00,2.064033788670700087e+00,2.145352509477350011e+00,1.288859036893259979e+00,1.437722592725789950e+00,1.086275832970790001e+00,6.252761770002690511e-01,2.711026447218179980e-01,1.075584392112420018e-01,1.599383233763060075e-01,3.753660586848310277e-01
1.095067438393080073e+00,1.072903523089590028e+00,1.015756638687870028e+00,1.069061391732710087e+00,1.056776341508909978e+00,1.119279742187609950e+00,1.131987519730129899e+00,1.158732968094009941e+00,1.287520056218810049e+00,1.134970382765889907e+00,1.170353209460039956e+00,1.076073357353880100e+00,1.189955622977600047e+00,1.112316518515320096e+00,1.513192733538480050e+00,2.460394070736549921e+00,4.489180442281759942e-01,5.450908446427650267e-01,6.715635791203240501e-01,7.661052609602290175e-01,8.148111782325280217e-01,8.934545522667100004e-01,9.192127685704599704e-01,9.771385402964669620e-01,1.024228526377660042e+00,1.129492489780919984e+00,1.113978964587390097e+00,1.235973856904450052e+00,1.274515472826510010e+00,1.306700648343249949e+00,1.262151065862149979e+00,1.303701329448700097e+00,1.319953052259950077e+00,1.333860593159359897e+00,1.340063387648879889e+00,1.379902093697370047e+00,1.414209334663089956e+00,1.468968822804000096e+00,1.551848895973549913e+00,1.649787398711360042e+00,1.753196111721530004e+00,1.947409912583550007e+00,1.904707934894479981e+00,2.092016951133500058e+00,2.262798485142929916e+00,2.537601743144549893e+00,2.907761068156339945e+00,3.253975424493249946e+00,3.524707684027799992e+00,3.497021323140359961e+00,2.648243927620490101e+00,2.718439281405169883e+00,1.753164600882550106e+00,1.945960809203290065e+00,1.552815070913200035e+00,9.157892448765040383e-01,4.730404400816309862e-01,2.470171761433460067e-01,2.259797178095019898e-01,4.187581803364680000e-01
1.124100775731559976e+00,1.144464723248689975e+00,1.020608084042639918e+00,1.065634732357549908e+00,1.056396886149179926e+00,1.111943751048660056e+00,1.087868830846240087e+00,1.048573609433429921e+00,9.630601455673439837e-01,1.288652872001649907e+00,2.449068397435630207e+00,9.642891246169049690e-01,9.654681813880480190e-01,1.095763020113520003e+00,1.700212977152329996e+00,2.391297646879599892e+00,5.737530098443890392e-01,5.203844972868739704e-01,6.604402543890659505e-01,7.425894859814170523e-01,8.220924840550120072e-01,8.916706063797890103e-01,9.072820202955349522e-01,9.513664340665729524e-01,9.596113067184169898e-01,1.003404564543100008e+00,9.995179984105020399e-01,1.082794630440879979e+00,1.210301087374999973e+00,1.298586200530400081e+00,1.357840038859980059e+00,1.426110724671250107e+00,1.469822875406679996e+00,1.486309615158029951e+00,1.485293517469080005e+00,1.507161834592100069e+00,1.505785412870680018e+00,1.490778683498209967e+00,1.504446964289980038e+00,1.533905039356330047e+00,1.565989350939390068e+00,1.639983414594990085e+00,1.726854519131189925e+00,1.838313669060829936e+00,1.969873707796319984e+00,2.131478592002149952e+00,2.421252687934440040e+00,2.737427517681649825e+00,3.122562649655709954e+00,3.252643585398840020e+00,2.570248959241550057e+00,2.584272848862549932e+00,1.603946113781040017e+00,1.882844303703260058e+00,1.294333552514939978e+00,7.905075930479400492e-01,3.942554635157199949e-01,1.753596117846860092e-01,2.236963837466799943e-01,3.997685164279690118e-01
1.182082871648910016e+00,1.292155749420210054e+00,1.063335170431920051e+00,1.131694230460480011e+00,1.122083583218369984e+00,1.194147154989100068e+00,1.197423504788990067e+00,1.229530768793440032e+00,1.255794278686789944e+00,1.009499006081659989e+00,1.321213128225189992e+00,1.012485677285190011e+00,1.141766120266040074e+00,1.168966450408110092e+00,1.732537115209650036e+00,1.333169097647199930e+00,5.423634830239389970e-01,7.180875826377709492e-01,8.181127425072129977e-01,8.842301007144569569e-01,9.025108943162399866e-01,9.488269134646990510e-01,9.814409498662080011e-01,1.065734496809380039e+00,1.142768608585329915e+00,1.209676524734220049e+00,1.236999465761819961e+00,1.398290383573189910e+00,1.473168644543700001e+00,1.487317395540940002e+00,1.443420985281729907e+00,1.517283213492450100e+00,1.492083152102839927e+00,1.446377589128740038e+00,1.408971817260169956e+00,1.429459940702149989e+00,1.412611047393109942e+00,1.444088573388750074e+00,1.485775032352270042e+00,1.553883186375460079e+00,1.618677703941449941e+00,1.690980294831309960e+00,1.797622973086840048e+00,1.873590020917349941e+00,1.993113434475209944e+00,2.156256694243249949e+00,2.363914324744250006e+00,2.628711472848309860e+00,2.994368097480100133e+00,3.145348606779910128e+00,3.065588152865789784e+00,2.855304192912190064e+00,2.108625082980879917e+00,2.343355196685169783e+00,1.695736546597699901e+00,1.003597834072160078e+00,5.478302982552090139e-01,2.438974180219040111e-01,1.626175181117180124e-01,3.875574005517979925e-01
1.261805633470340027e+00,1.292989095470590044e+00,1.132385699741599971e+00,1.192504612417210064e+00,1.190379655361309963e+00,1.251344143946210075e+00,1.235691788544970082e+00,1.251291348541379911e+00,1.135605937166539903e+00,2.248332170045050038e+00,1.370310763107289942e+00,1.215357082524340049e+00,1.388255688794189924e+00,1.369294710199389975e+00,2.067439949595040183e+00,2.242608688664510019e+00,5.449726208281240325e-01,7.408280059482369451e-01,8.976143911796600205e-01,9.832353168662479881e-01,1.021953593709469921e+00,1.071975652590100081e+00,1.117347071534630087e+00,1.194824347903469919e+00,1.279378158590749992e+00,1.357381183421459969e+00,1.359781642224519915e+00,1.406996067117630034e+00,1.477297535071020018e+00,1.506851716746270053e+00,1.533867363228889946e+00,1.570214606843890026e+00,1.577548629512510070e+00,1.518012913597750035e+00,1.527825560970279994e+00,1.552849695032360033e+00,1.575842708548840010e+00,1.630680641385479968e+00,1.708155805756990109e+00,1.805837436155520059e+00,1.915659897631349917e+00,2.043998569845820068e+00,2.214293037543070053e+00,2.342184889483700072e+00,2.501983240688749888e+00,2.792020799701900202e+00,3.258624200251550196e+00,3.734183344720940045e+00,4.135333179379530044e+00,4.284515127495279962e+00,3.444269930429320059e+00,3.261814828203939864e+00,2.111684791387880011e+00,2.562884865271790158e+00,1.700898282450830079e+00,1.026127617586449992e+00,6.059576866478200152e-01,3.208575428873460256e-01,1.960394305478299903e-01,3.841769654545389989e-01
1.100176947867540056e+00,1.225865748180269943e+00,1.011796995432689972e+00,1.086559652860630054e+00,1.081470992886979898e+00,1.165638601370259986e+00,1.158967509877300017e+00,1.199109946081899913e+00,1.224531651984080094e+00,1.782127000236880088e+00,1.220731925411570051e+00,9.770868181699260413e-01,1.106313975651880055e+00,1.142690442549529894e+00,1.736807040727909923e+00,2.431916436633100087e+00,4.212122381617460221e-01,5.932984612212970355e-01,7.334605610317690427e-01,8.155468901282300065e-01,8.383879022419949978e-01,9.094278307601599831e-01,9.406730621550140059e-01,9.830810132901810494e-01,1.055409268485069996e+00,1.137415057476689917e+00,1.165275615269429910e+00,1.231545495433800097e+00,1.302764124692100012e+00,1.292932317415460108e+00,1.325709329234669998e+00,1.340600525682180022e+00,1.329650624417130000e+00,1.298671758313139968e+00,1.254967538906379909e+00,1.267251839746359909e+00,1.269521642353089952e+00,1.303179911054999973e+00,1.348977594003389902e+00,1.435388000654979956e+00,1.490580982579559954e+00,1.577938028474169974e+00,1.676744203580520010e+00,1.757424704510389901e+00,1.908120014466740066e+00,2.067337626280489893e+00,2.315596795326949842e+00,2.429381402298250059e+00,2.710461948841980107e+00,2.961906394260959807e+00,2.625408122711479830e+00,2.559979528050980058e+00,1.698275645306229986e+00,2.021754536170000005e+00,1.321383138303400040e+00,7.541011880152850289e-01,3.879684140712740259e-01,1.559602432447839970e-01,1.733639639264079879e-01,4.090766026086760099e-01
1.072964645038980036e+00,1.051723632462129965e+00,9.720355503836309863e-01,1.042048998972330054e+00,1.016699360762840065e+00,1.073604356498069956e+00,1.093869608466750076e+00,1.130095409863989930e+00,1.249962227779600088e+00,1.236794356917590099e+00,1.071466307534959972e+00,1.019997258848150068e+00,1.144869341257009898e+00,1.085855686460329927e+00,1.576113506666120045e+00,1.942851301518750073e+00,5.556078138252360521e-01,5.523463096422279728e-01,6.746340110648489929e-01,7.524478241237410048e-01,7.865244721475079803e-01,8.392707097826730411e-01,9.013217281085920130e-01,9.784732427964519808e-01,1.037653956018590007e+00,1.102658323531229945e+00,1.133356140597749917e+00,1.290063820584639975e+00,1.310190818536749902e+00,1.371883738203210079e+00,1.387146585470709903e+00,1.385216012854999956e+00,1.360866176947189921e+00,1.327403111543649983e+00,1.286384124693819908e+00,1.283805978842089912e+00,1.296535827815070041e+00,1.324377746443470061e+00,1.373816730484130000e+00,1.453577091483410078e+00,1.490071308995519983e+00,1.578532912355870010e+00,1.704745978953029928e+00,1.794795100290540013e+00,1.937843627391669932e+00,1.815954021265790086e+00,2.344461463859010220e+00,2.746115151054199899e+00,3.196182866103939979e+00,3.403034757021119905e+00,2.903398433137799994e+00,2.571069097818099891e+00,1.781404380213490013e+00,2.037323418102349848e+00,1.415018701551900016e+00,8.354627780883090438e-01,4.476147685002129784e-01,2.061908736802330055e-01,1.505844171751490046e-01,3.379226464663410145e-01
1.099290211366569903e+00,9.972202146105719756e-01,1.000902052879039994e+00,1.071594200014649889e+00,1.066928792620259969e+00,1.141151322131590096e+00,1.150252728222739940e+00,1.171072385946720029e+00,1.224919004297819969e+00,2.031830443775819894e+00,1.049308498518590094e+00,9.682458265844500200e-01,1.134133792085280090e+00,1.110856946740250040e+00,1.670622638010379912e+00,2.437073801360480019e+00,4.189129393311379901e-01,5.592494250407099576e-01,6.846131218246690464e-01,7.804424659296900213e-01,8.468515867938679609e-01,9.115795761471540137e-01,9.747665403236299708e-01,1.097160434974530085e+00,1.218074531254899950e+00,1.278494741140909996e+00,1.248365746614090055e+00,1.303868369971910024e+00,1.344260732210819986e+00,1.410130607882629894e+00,1.408072681954809946e+00,1.463343508980599950e+00,1.364861624304400056e+00,1.496051262799009907e+00,1.470291272888500034e+00,1.503879918850709929e+00,1.538861549862809985e+00,1.607615516035149961e+00,1.705662931806900096e+00,1.856980391785229889e+00,2.006700665247199922e+00,2.136200639033989823e+00,2.340379342954959974e+00,2.425957980068469855e+00,2.556564601712529861e+00,2.620450812278960040e+00,2.678184025690280023e+00,2.515919946183430067e+00,2.277605649413950051e+00,2.264930421194280008e+00,1.833286189398410038e+00,1.871799528389020084e+00,1.144464225961540071e+00,1.321612219503329966e+00,8.050434918714070021e-01,3.915319382898729828e-01,1.183114755549559971e-01,4.309771036499680102e-02,2.125084946068619973e-01,3.327680926764799985e-01
1.100498485076609967e+00,1.183553876851400011e+00,9.749719169782240513e-01,1.068285996460430098e+00,1.054949037853750049e+00,1.096647819780280031e+00,1.080917569777990028e+00,1.111593772860149931e+00,1.109807823802400062e+00,9.165193386365519945e-01,2.344582418580159811e+00,9.391159388317239509e-01,9.763753339517670105e-01,1.040667246104489907e+00,1.715542984917779901e+00,2.291232971982950062e+00,4.392137637182930154e-01,5.348322170526850217e-01,6.603681564466159504e-01,7.551500676233320331e-01,8.156336389105479645e-01,8.773180552690630352e-01,9.010219217731529895e-01,9.480012154465770058e-01,9.707205904362129489e-01,1.001587521924570012e+00,1.016629127681980105e+00,1.175625455612810066e+00,1.282140170500140064e+00,1.371982322454740055e+00,1.421081638092990040e+00,1.467586080202379906e+00,1.492488192793979929e+00,1.508352590739689969e+00,1.474664249861749932e+00,1.482942636680790072e+00,1.471234545955339978e+00,1.479056805540319930e+00,1.501355885042090055e+00,1.574184232386119930e+00,1.610013109574899959e+00,1.696907671709880105e+00,1.785005812440090045e+00,1.878207837443649941e+00,2.033896587670480205e+00,2.202168165849870185e+00,2.487828221723119793e+00,2.764166154229399819e+00,3.025808415662300188e+00,3.039815925350919823e+00,2.508720821888760000e+00,2.474765870117110023e+00,1.765687608560279953e+00,2.080011621617360085e+00,1.535180382303100055e+00,9.608877286327509593e-01,5.388050114826089532e-01,2.881047310929670258e-01,1.237502420918689949e-01,2.272104003257829907e-01
1.072872566990159982e+00,1.172792576255909935e+00,9.694235994830020520e-01,1.030120008652549934e+00,1.014209205069940056e+00,1.075602266657440076e+00,1.069243753986220069e+00,1.085978234010980037e+00,1.106134205602189891e+00,1.084581521720020092e+00,1.334850745849289977e+00,1.034469535619120029e+00,1.184024766806679896e+00,1.171975842234209919e+00,1.589402804965720062e+00,2.214974301483410013e+00,4.245655965993430092e-01,5.859487342130770271e-01,7.076492133553760056e-01,7.521155617378589842e-01,9.022397974663289855e-01,8.870288451824810405e-01,9.567242281672510007e-01,1.042931552543129969e+00,1.143832955084300051e+00,1.330682056685450032e+00,1.208626073345280050e+00,1.289269734847330096e+00,1.339299907944589973e+00,1.371301642860490055e+00,1.377954973540070016e+00,1.414355478536579946e+00,1.426141790888800109e+00,1.423222294562249912e+00,1.378958819730079943e+00,1.399342953028479997e+00,1.406279595166330054e+00,1.457494027020930005e+00,1.529384464623060103e+00,1.646962170040920048e+00,1.763182024319190022e+00,1.882697456763180011e+00,2.077033230547399967e+00,2.211447585925820025e+00,2.444886550890129850e+00,2.783954936283890014e+00,3.296895143923369798e+00,3.829855394587009965e+00,4.118346273455300022e+00,4.257685121949480234e+00,3.395142501725319839e+00,3.152119867626180127e+00,1.961267152481459997e+00,2.132111826297620194e+00,1.668034700084700006e+00,1.074228629621599929e+00,6.515673240843550262e-01,3.102489950907629801e-01,2.172041817746269976e-01,3.571141396617910080e-01
1.106241957327219971e+00,1.116674144499949950e+00,9.982605704374940547e-01,1.047671965547660067e+00,1.058904896423880082e+00,1.114738352196440019e+00,1.124727856567250051e+00,1.099672709784359936e+00,1.172952658115999913e+00,9.095543628820039750e-01,1.912925331033330067e+00,7.789740366594669618e-01,9.033599407344530263e-01,9.655432768390780351e-01,1.523222079360829984e+00,2.213603996964629950e+00,4.939376273110639981e-01,4.216725157601010077e-01,5.330702273066509900e-01,6.216271273749269799e-01,6.663363779793890496e-01,7.234278896217000154e-01,7.708804324916119777e-01,8.741051076597410319e-01,9.994201986912919500e-01,1.112281825506650002e+00,1.185366389644270102e+00,1.296042337496779995e+00,1.320380294487859985e+00,1.397034275808539894e+00,1.394121683036670056e+00,1.369431369059580073e+00,1.320189466742369921e+00,1.316889339772969958e+00,1.271085691241619964e+00,1.288999212836650088e+00,1.311175093226649935e+00,1.352508786672560026e+00,1.425162910940309891e+00,1.476807468796389911e+00,1.577782382821750096e+00,1.684641809112219946e+00,1.800077472792589894e+00,1.937848971822810018e+00,1.819004560394650083e+00,2.305974436788269966e+00,2.739390560212779935e+00,3.225644419739269964e+00,3.840997523347359888e+00,4.091779401425590379e+00,3.081227524161750164e+00,2.974952736716840018e+00,1.736048825743679913e+00,2.008161054980429849e+00,1.418428746629730064e+00,8.533019490109819971e-01,4.199797684850570256e-01,2.242181298823089919e-01,2.450206310256730080e-01,3.606273215001830068e-01
1.137314142761149949e+00,1.255710141158109971e+00,1.034005028153440087e+00,1.093750210650739962e+00,1.121443707501869946e+00,1.189092645886830057e+00,1.241241715669950008e+00,1.358366972302049946e+00,1.823346256164670054e+00,2.652169831973960057e-01,1.090276244962149921e+00,1.088811104228609938e+00,1.206564844661349944e+00,1.145073589433410088e+00,1.649432111279679924e+00,1.941509995027010049e+00,3.277660047615230110e-01,4.716847270477629861e-01,6.187265244678400444e-01,8.275356835118959919e-01,1.019162002128030098e+00,1.181654668924829954e+00,1.313199581448510012e+00,1.389324516863049919e+00,1.359512104986970060e+00,1.357314600940010108e+00,1.241526223322900080e+00,1.276692757511969978e+00,1.275028098463049986e+00,1.279890439697559890e+00,1.299876054537770109e+00,1.353404501150480055e+00,1.398883109489919896e+00,1.424478763250299984e+00,1.457878995498419927e+00,1.515078449560480101e+00,1.569737559286070061e+00,1.642954035362800047e+00,1.752019898039109957e+00,1.877202248085900083e+00,2.044344202834170066e+00,2.130521963603909885e+00,2.454983934373410115e+00,2.670488273329230111e+00,2.912636054278559872e+00,3.340937238747140103e+00,4.109552898834340162e+00,4.475046164127469694e+00,4.240100982170109667e+00,3.953258526759690028e+00,2.485034578843980047e+00,2.496124207575140197e+00,1.399972966557589960e+00,1.795610952080560097e+00,1.209633180337470026e+00,6.829310738812549575e-01,2.541593102287719730e-01,1.726538706916989907e-01,3.325845061214700027e-01,4.186659611546060256e-01
1.147698915911540052e+00,1.268999960853989917e+00,1.045674639595620015e+00,1.101570156625010011e+00,1.098758411690939907e+00,1.172685024893340033e+00,1.160269838360300065e+00,1.138190186103499979e+00,9.955356579978229536e-01,2.940835708559330186e+00,1.312613484780269957e+00,9.377135553563159531e-01,1.128717591712089963e+00,1.179656547467549998e+00,1.695820497816350025e+00,2.631147278305789872e+00,4.021013336826910201e-01,5.778334731600469620e-01,7.017397881292599671e-01,7.983211397100480333e-01,8.554706087574369677e-01,9.103452079355009996e-01,9.507538609918300132e-01,1.032598137087689993e+00,1.112068471412650084e+00,1.226525259058590001e+00,1.259132359442260096e+00,1.360649351724700029e+00,1.404676617790610038e+00,1.414491923182410016e+00,1.390121143873950027e+00,1.397846855948869926e+00,1.412173006792639907e+00,1.435230681069959990e+00,1.433225830987089999e+00,1.478310820422179983e+00,1.522632024038609977e+00,1.590018344202249967e+00,1.672943344772289898e+00,1.772873845788450087e+00,1.923709525302099932e+00,2.065362837264590024e+00,2.271584678160269988e+00,2.393526660397589989e+00,2.697762852055709981e+00,3.111234015255610164e+00,3.693218547728540191e+00,4.161287397231959950e+00,4.315000524578890051e+00,3.962472221088209956e+00,2.801069626017909986e+00,2.555407827943890098e+00,1.632834296394710005e+00,1.812853201421980032e+00,1.391334320470120067e+00,7.096254390024090419e-01,2.051376365499809895e-01,4.341194019476739968e-02,2.069228309933610066e-01,4.118273569688220004e-01
1.036182019133299992e+00,9.643952257740050493e-01,9.502611079524120319e-01,1.008212286031840099e+00,9.989274195514310506e-01,1.070264774665000029e+00,1.085211681024840003e+00,1.154342237509420110e+00,1.325087229627629926e+00,5.412434068879899973e-01,1.044992548894609907e+00,9.838336990465660348e-01,1.079949424711569961e+00,1.016932986994359966e+00,1.532073843603700025e+00,2.172821211494509797e+00,4.341265530218039737e-01,4.342442008875200266e-01,5.558043364333059566e-01,6.722826096883249836e-01,7.185321787027439955e-01,7.882226459852460509e-01,8.870226683419190072e-01,1.051636933480899927e+00,1.130124395878800092e+00,1.179403653128040075e+00,1.139953809215469960e+00,1.316153615405790012e+00,1.326733288780620024e+00,1.317659281907479940e+00,1.314861176964210010e+00,1.288016943255299918e+00,1.296788629778780066e+00,1.282143295215059986e+00,1.248327870177980081e+00,1.269286476640649974e+00,1.292487709756299896e+00,1.334190230898889995e+00,1.424925205324560018e+00,1.516820373388410026e+00,1.613833192196920008e+00,1.732359533840269972e+00,1.864795988405800076e+00,2.035237364194330212e+00,2.287201419834449911e+00,2.651887562112570151e+00,3.283605310257470045e+00,4.064316422472970203e+00,4.799855417143859881e+00,4.437583021672409700e+00,2.712557654961139875e+00,2.590266087805269901e+00,1.512586967021160023e+00,1.574652041080470077e+00,1.302388839571209989e+00,8.551194906862470413e-01,4.900028872530040047e-01,3.136679190188090272e-01,4.159322865981199824e-01,4.559623560551450128e-01
1.081175153666569910e+00,1.202662542380299904e+00,9.801348029822030128e-01,1.040528089819579893e+00,1.048559063633009991e+00,1.128232115051269968e+00,1.151116237831850020e+00,1.203663757730520034e+00,1.377612591779949991e+00,9.078579780651340192e-01,1.003522599685930050e+00,9.278153461564949689e-01,1.105957366731249891e+00,1.096021683443060057e+00,1.640915099411129896e+00,2.481101123882110127e+00,3.410956462563849989e-01,4.656011312862369800e-01,5.461184729125979631e-01,6.947001651252160404e-01,7.894915105052839888e-01,8.655422596539269486e-01,1.048944101241009896e+00,1.252027841979620026e+00,1.321178802579080047e+00,1.425828477839859998e+00,1.447843420877050091e+00,1.507989561917729926e+00,1.531613225080769913e+00,1.458676319017339962e+00,1.436288151858319928e+00,1.402032555349149945e+00,1.387949996687390053e+00,1.402608165590309985e+00,1.418043056326580009e+00,1.495349575845190015e+00,1.508231826592939973e+00,1.613955291176379925e+00,1.728517679424030007e+00,1.870600711880880063e+00,2.054954836595880074e+00,2.066570858198399918e+00,2.530372725100289877e+00,2.730546809124180019e+00,2.649423158176519966e+00,2.837979565374709967e+00,3.596087873056399875e+00,3.402985155633190040e+00,3.497342836904420160e+00,3.134182557323390128e+00,2.162641993001220175e+00,2.016405465390359808e+00,1.016028823348360088e+00,1.288369421586770036e+00,7.409137147247190081e-01,3.190585606924379869e-01,1.204087615508410009e-01,1.630872715798470096e-01,3.184444064631239968e-01,4.536401137635739933e-01
1.144711734650329937e+00,1.139711164868469906e+00,1.035226081193109993e+00,1.095701063634969996e+00,1.089422217878299959e+00,1.132205802618690083e+00,1.128831219276049902e+00,1.129182005381760057e+00,1.103587431035409905e+00,8.690596326477649791e-01,3.571231661760399856e+00,1.216796314763550102e+00,9.764802402391410396e-01,1.072911021274189913e+00,1.573455582875749936e+00,2.162037270013210222e+00,1.915904722784000036e+00,4.199191850848200125e-01,5.856149537506759595e-01,6.899520139239250227e-01,7.614243021791109456e-01,8.465041247012830006e-01,8.821551729579389933e-01,9.216418128774239715e-01,9.424006812330140148e-01,9.939022554688820010e-01,9.796919438023430349e-01,1.058382442529490097e+00,1.130967315935530015e+00,1.177232043284359930e+00,1.282200050839340078e+00,1.334911137326920016e+00,1.375957724421400075e+00,1.360376576983360009e+00,1.306374047417669937e+00,1.294869907274019960e+00,1.290229708784379925e+00,1.333554014422990042e+00,1.354882403996640061e+00,1.427564421683940044e+00,1.484594288667349993e+00,1.559611324433360036e+00,1.679336732894529893e+00,1.626763705412979988e+00,1.704251181239039958e+00,1.861222954756150072e+00,2.086448181165100113e+00,2.364742115505639841e+00,2.698129998971579901e+00,2.827386799963469866e+00,3.235137786490390077e+00,3.011365622626290151e+00,2.674468641675070035e+00,1.912079240638119959e+00,2.126932798942779979e+00,1.284363068504150052e+00,7.545167607423639566e-01,4.033950383016050023e-01,2.131512059243239887e-01,2.974816175914259953e-01
1.068286045155810049e+00,1.034887017565869982e+00,9.907276130479769627e-01,1.050151705116070033e+00,1.039120979213060014e+00,1.102581423646830094e+00,1.103611535907339958e+00,1.111916779047529946e+00,1.061677715934719934e+00,1.832912850889270029e+00,1.191831115094099891e+00,9.990879704861600485e-01,1.132146136176459983e+00,1.119695032870889895e+00,1.710082866459520012e+00,2.706538714158539971e+00,5.178920310762390455e-01,5.035592493592869756e-01,6.281702999427200007e-01,7.306049406906609534e-01,8.010480942250960412e-01,8.385073918696079875e-01,8.739896738552169753e-01,9.366454543077740169e-01,1.000792394223350090e+00,1.119843917509260045e+00,1.127024339634800087e+00,1.234049974479950018e+00,1.272364095861949984e+00,1.268777756887929931e+00,1.281950402430140024e+00,1.328516062424210054e+00,1.340288379608230107e+00,1.374812591217410063e+00,1.367828101376419969e+00,1.410061566024799928e+00,1.443142300535529943e+00,1.492929291194670105e+00,1.572958455074420003e+00,1.662520075577160084e+00,1.738374399497720102e+00,1.839940269053470079e+00,1.936958027567609930e+00,2.019758406880619805e+00,2.116324428458189910e+00,2.235145421439379998e+00,2.437352983639160087e+00,2.571092606123340119e+00,2.709619569322970101e+00,2.758499367105299971e+00,2.121063395155470044e+00,2.207480381456880192e+00,1.309787136708919997e+00,1.413835197701990065e+00,9.936741148890390063e-01,4.517618911877069876e-01,1.535681645049649935e-01,5.019194594617099742e-02,2.197638765371729974e-01,3.717329546590140144e-01
1.077301610572779955e+00,1.132957682126199961e+00,9.633319863649639769e-01,1.047729806435139910e+00,1.028864610502560062e+00,1.090686479499880068e+00,1.094221069927189927e+00,1.064100753845510061e+00,1.064771979851020012e+00,1.276444563761919948e+00,1.190507286939910037e+00,9.838776309070119686e-01,1.096864595766219974e+00,1.146657829365860026e+00,1.586884150679199967e+00,9.908515402564850305e-01,5.136147296613760016e-01,6.567198441084689531e-01,8.214883423926679917e-01,8.271360318413599755e-01,8.304421953970420045e-01,8.642571388406939947e-01,8.857315001866310489e-01,9.157394307816519863e-01,9.218541934540700478e-01,1.022464928607790036e+00,1.039663465751039961e+00,1.173032560586150019e+00,1.224776287190429969e+00,1.279630561211599904e+00,1.289106125098119948e+00,1.289030618857379906e+00,1.287332220367769953e+00,1.289705387072999976e+00,1.277669179966469892e+00,1.303931852285550086e+00,1.337033253575109937e+00,1.356964987713110027e+00,1.407769086809270043e+00,1.501380262476980088e+00,1.544181006928120103e+00,1.645151914627950074e+00,1.756455940241320013e+00,1.848399124494950030e+00,1.997167187069120109e+00,2.194145643561939973e+00,2.503983476600120106e+00,2.935153551817450079e+00,3.572869587327550001e+00,3.930403886112289857e+00,3.524674974070650002e+00,2.507048084821990042e+00,2.267272105398479898e+00,1.910304569281700005e+00,1.747562374244659988e+00,1.042340333542489894e+00,6.254923994136980525e-01,3.154550164660919753e-01,1.637821115156040119e-01,2.982647880030320220e-01
1.042852223373099907e+00,1.026006374989570036e+00,9.477574499758839588e-01,1.000840334867080017e+00,9.948135065663550325e-01,1.049305192938009945e+00,1.050221570393160109e+00,1.052510569392040018e+00,1.081235428453710012e+00,9.578317054208479453e-01,2.575203455691410070e+00,8.999967274052570465e-01,8.617566292882680168e-01,1.000064492537029892e+00,1.644324601438799993e+00,1.926068943021679969e+00,4.645843762982220237e-01,5.313059029721359794e-01,6.582329394950380275e-01,7.495232487478620254e-01,8.233535112223520080e-01,8.386389252606329947e-01,8.756507695774139455e-01,9.252365018377649575e-01,9.444883229512659462e-01,1.008129996661599970e+00,1.007200777905109979e+00,1.156622633449670090e+00,1.272318218523039945e+00,1.386891142157870016e+00,1.480632800368459900e+00,1.575912114182399959e+00,1.661033051112819958e+00,1.719255990778070009e+00,1.715482570800870077e+00,1.721368803319079932e+00,1.717882236871419943e+00,1.673726275834859889e+00,1.646659825396759924e+00,1.675911115953720110e+00,1.727028303894799999e+00,1.804348302600879972e+00,1.928587712717549918e+00,2.040851726194420124e+00,2.283072038306099838e+00,2.617895794113819896e+00,3.044945896838730182e+00,3.201242463497009805e+00,3.099674296779499905e+00,3.094004873108100018e+00,2.465843440051040059e+00,2.363234225734379912e+00,1.607835179672290060e+00,1.789897235426890054e+00,1.366432798481179933e+00,8.235868736611769991e-01,4.229748265923429784e-01,1.775631799410460065e-01,8.074974288762259977e-02,3.060230378870780199e-01
1.075115713200730072e+00,1.071890221266240006e+00,9.950637271339960455e-01,1.066945950529710085e+00,1.051676794855129993e+00,1.136441576973850065e+00,1.163913382061620094e+00,1.215332800958460080e+00,1.491775264116560029e+00,7.038777485286209501e-01,9.694107473630300120e-01,1.050543940541220023e+00,1.209106242872080017e+00,1.073637347916329920e+00,1.494286611127789932e+00,1.786249569199970022e+00,5.529125094133739982e-01,3.809577789802259806e-01,5.629872886189279946e-01,7.559586835093079493e-01,9.410713261918099981e-01,1.080673575874210091e+00,1.123769625335020006e+00,1.211466549933629899e+00,1.275187631306579972e+00,1.307048305809229927e+00,1.245142687661819902e+00,1.294224956708039942e+00,1.304738928658770059e+00,1.308004933415519933e+00,1.309820259631290007e+00,1.341111915783840036e+00,1.370827194472930000e+00,1.397773725417950086e+00,1.403607712348470038e+00,1.455623386513769990e+00,1.521304783188669907e+00,1.577647525393429895e+00,1.667188665990340102e+00,1.782674216000390111e+00,1.933474399674240063e+00,2.065443705202670177e+00,2.268095221226820168e+00,2.415339658811590073e+00,2.628474406443599865e+00,2.934496578259110144e+00,3.405686859219890117e+00,3.689159656199159976e+00,3.657309724552860075e+00,2.893859106218870103e+00,2.183883486085639980e+00,1.971818727400030058e+00,1.066617697529949949e+00,1.124126621251269942e+00,7.758461638337129651e-01,2.975708019082419775e-01,7.920056529530060396e-02,1.252496335746020040e-01,2.461524067173820052e-01,3.699602220311690171e-01
1.076786836436000039e+00,9.966774951392529669e-01,9.883846754261540468e-01,1.044404736392849919e+00,1.036927009609099892e+00,1.096662408909899966e+00,1.123346321849229890e+00,1.169004818821540059e+00,1.267985624212649931e+00,1.367434209089620101e+00,8.375248454565189515e-01,1.026808549944999926e+00,1.104727051283459938e+00,1.047611856648249962e+00,1.548558964438399910e+00,1.946329576730640110e+00,6.932937084468999700e-01,4.358389011051799766e-01,5.902651353808610057e-01,6.935616807370420522e-01,8.343037012465900348e-01,8.272237472316149587e-01,8.609537770849809979e-01,9.394071216106969491e-01,9.885612934620170433e-01,1.153129986444799915e+00,1.202268519276779912e+00,1.358693072569189919e+00,1.359645023671609998e+00,1.400125111394370014e+00,1.385412141572170075e+00,1.397113685104649949e+00,1.377423064470910008e+00,1.373282988727799969e+00,1.321668852210180045e+00,1.326256260169049961e+00,1.325199762600570041e+00,1.361594842824700002e+00,1.443338107792309977e+00,1.532472846711119940e+00,1.623923874620329943e+00,1.757544725638880090e+00,1.890088633752500025e+00,2.006704147087420065e+00,2.283978793653400174e+00,2.625682088854869978e+00,3.191902595933469922e+00,3.806480636896590219e+00,4.326706314220500005e+00,4.098784809087050007e+00,2.639459341520080216e+00,2.742611344013329955e+00,1.600686247987539890e+00,1.590125559844749903e+00,1.366337497039429971e+00,8.125204267910840494e-01,3.965904461274900039e-01,2.192548778081659933e-01,2.566618987265210095e-01,3.800585219896949751e-01
1.286869903155569927e+00,1.426911884208240000e+00,1.126997207279510027e+00,1.242379199492410047e+00,1.239515524694579929e+00,1.340953213613699901e+00,1.424716299833930000e+00,1.547286858668680098e+00,1.150807745439440088e+00,1.261935022029520015e+00,1.248417593636149903e+00,1.227780638772030031e+00,1.415385319134599973e+00,1.374327617791839984e+00,1.992804751194900081e+00,2.092070307686869857e+00,3.157663199551519750e-01,6.028936043293769975e-01,8.201768311280359658e-01,1.089198450374649907e+00,1.245013481071099992e+00,1.382838268504400059e+00,1.462078326222610025e+00,1.518649016187560097e+00,1.554491876131099959e+00,1.602206316862009983e+00,1.536985245161230029e+00,1.571366911948550049e+00,1.542998585265060063e+00,1.524912363417100014e+00,1.539304543833220018e+00,1.588223319007660006e+00,1.640346547644629949e+00,1.714246389711600038e+00,1.727916426439989994e+00,1.819682668672869985e+00,1.906144550980640062e+00,2.012244151821290128e+00,2.119554307318900044e+00,2.262903056247070221e+00,2.429526612954179932e+00,2.561723759538829803e+00,2.979285902241080031e+00,3.165188384916199915e+00,3.258696737248810038e+00,3.400147622873800124e+00,3.701224270682970108e+00,3.574576108287820020e+00,3.389206293452020180e+00,2.896825971483799833e+00,2.375361957629809950e+00,2.160127843527570146e+00,1.335144406773320025e+00,1.421382309615409900e+00,1.023582682285339995e+00,4.730443308894720089e-01,1.542912189470579953e-01,5.500287323834159720e-02,1.872847000923220095e-01,3.151204121007419867e-01
9.607724678410970442e-01,1.055237763809270035e+00,8.909491018733289858e-01,9.289823433657660168e-01,9.314834190554439619e-01,9.983847973376830387e-01,1.023316657208870106e+00,1.076318298331339962e+00,1.366823275336060073e+00,4.744782580244890080e-01,1.113855871772400086e+00,1.066299235953229951e+00,1.196269718272320093e+00,9.800592743310290178e-01,1.348882883898909979e+00,2.159217804239240035e+00,3.779652277998790111e-01,3.481579645373890086e-01,6.057242282597560257e-01,8.018229252537489860e-01,9.395656447214709717e-01,9.789561533550930061e-01,1.031714932764189907e+00,1.057465729975809898e+00,1.073927539617600013e+00,1.106015772060660041e+00,1.065378427564009911e+00,1.087344247721200086e+00,1.058369377490899987e+00,1.079838576774140080e+00,1.097434628791549960e+00,1.144956432087429921e+00,1.189777507303489967e+00,1.235462101925850043e+00,1.243865662095630098e+00,1.287095894976880039e+00,1.334595739896129896e+00,1.409617085078010090e+00,1.506180087135750023e+00,1.602494916833419936e+00,1.721211660623980011e+00,1.903006145619029921e+00,2.214061733399010024e+00,2.120276198441739979e+00,2.468609406259560046e+00,3.012510368509730085e+00,3.993473665591050104e+00,4.891654610980020301e+00,5.034212668265490187e+00,4.230417804097820422e+00,2.460122007999339999e+00,2.288052780102220130e+00,1.398670445281610109e+00,1.371804981507179999e+00,1.222037528468929990e+00,7.928455041683809545e-01,3.897537581263910145e-01,2.242645668479759935e-01,3.240830355454190070e-01,4.285041160680529981e-01
1.789128172332959954e-01,1.883975161055830017e-01,9.214063104968260587e-02,8.868839718706270081e-02,9.893070173285049840e-02,1.057398034545589949e-01,1.802179522581159876e-01,2.885938400606030130e-01,4.323529242431660147e-01,7.063794682617650089e-01,2.353068096389820063e+00,2.561124905846039912e+00,1.001092205130619917e+00,6.044992867505369905e-01,9.132040874469550262e-01,1.039886994428109945e+00,8.219339632518779526e-01,3.052566167376210005e-01,3.185655088733079787e-01,2.967674161011399914e-01,2.855534372228190065e-01,2.817264985292740054e-01,2.635506321218640258e-01,2.571161141187949806e-01,2.417963351427349916e-01,2.421704568161660021e-01,2.482954484547940099e-01,2.937658520922610261e-01,3.436414002411140034e-01,4.312030030086470012e-01,5.055080789234009941e-01,6.145628488608300133e-01,7.313933164074940541e-01,8.578782138914989863e-01,9.499710191557789729e-01,1.017279058202289921e+00,1.025974656993009937e+00,1.057478356856770052e+00,9.919372564981490115e-01,9.831902591923999957e-01,9.630501404487229467e-01,9.406758078451350480e-01,9.267470110889679535e-01,9.053611981202840386e-01,9.111772762468149933e-01,9.400108044834449839e-01,1.016123464407429955e+00,1.089884002066979996e+00,1.172259631465639940e+00,1.256674100546119943e+00,1.350834172999000105e+00,1.414052121950269969e+00,1.392979545519690054e+00,1.254497289944739968e+00,1.452807500122569984e+00,9.600624036612449563e-01,6.029125662928019880e-01,3.951573655587269918e-01,2.707632835861499832e-01,1.962065414613849978e-01
